persona,tier,diet,satisfiable,dayOfWeek,inTolerance,binding,slots,filled,unfilled,pinnedAny,pinnedMax,pinnedMin,keto,kcalDeltaPct,proteinShortPct,fatShortPct,fatOverPct,carbShortPct,carbOverPct,poolAfterStack
p005,HARD,keto,true,0,false,POOL_EXHAUSTED,3,0,3,0,0,0,true,-1,1,0.89,0,0.5,0,1
p005,HARD,keto,true,1,false,POOL_EXHAUSTED,3,0,3,0,0,0,true,-1,1,0.89,0,0.5,0,1
p005,HARD,keto,true,2,false,POOL_EXHAUSTED,3,0,3,0,0,0,true,-1,1,0.89,0,0.5,0,1
p005,HARD,keto,true,3,false,POOL_EXHAUSTED,3,0,3,0,0,0,true,-1,1,0.89,0,0.5,0,1
p005,HARD,keto,true,4,false,POOL_EXHAUSTED,3,0,3,0,0,0,true,-1,1,0.89,0,0.5,0,1
p005,HARD,keto,true,5,false,POOL_EXHAUSTED,3,0,3,0,0,0,true,-1,1,0.89,0,0.5,0,1
p005,HARD,keto,true,6,false,POOL_EXHAUSTED,3,0,3,0,0,0,true,-1,1,0.89,0,0.5,0,1
p000,HARD,none,true,3,false,PINNED_AT_BOUND,6,6,0,2,2,2,false,0.231,0.011,0,0.903,0,0.089,238
p004,IMPOSSIBLE,none,false,3,false,STRUCTURAL,4,4,0,1,1,0,false,0.052,0,0,0,0,0.696,98
p007,EASY,none,true,3,false,PINNED_AT_BOUND,3,3,0,2,2,1,false,0.069,0,0,0,0,1.264,342
p018,EASY,carnivore,true,0,false,POOL_EXHAUSTED,4,0,4,0,0,0,false,-1,1,0.923,0,0.919,0,3
p018,EASY,carnivore,true,1,false,POOL_EXHAUSTED,4,0,4,0,0,0,false,-1,1,0.923,0,0.919,0,3
p018,EASY,carnivore,true,2,false,POOL_EXHAUSTED,4,3,1,3,0,3,false,0.268,0,0,1.542,0,0,3
p018,EASY,carnivore,true,3,false,POOL_EXHAUSTED,4,0,4,0,0,0,false,-1,1,0.923,0,0.919,0,3
p018,EASY,carnivore,true,4,false,POOL_EXHAUSTED,4,0,4,0,0,0,false,-1,1,0.923,0,0.919,0,3
p018,EASY,carnivore,true,5,false,POOL_EXHAUSTED,4,3,1,1,0,1,false,-0.049,0,0,1.404,0.519,0,3
p018,EASY,carnivore,true,6,false,POOL_EXHAUSTED,4,0,4,0,0,0,false,-1,1,0.923,0,0.919,0,3
p017,HARD,paleo,true,3,false,PINNED_AT_BOUND,6,6,0,3,0,3,false,0.105,0.002,0,0,0,0.781,72
p022,HARD,kosher,true,0,false,PINNED_AT_BOUND,5,5,0,4,2,2,false,0.046,0,0,0.534,0,0,345
p022,HARD,kosher,true,1,false,PINNED_AT_BOUND,5,5,0,2,0,2,false,0.149,0.005,0,0.127,0,0.321,345
p022,HARD,kosher,true,2,false,PINNED_AT_BOUND,5,5,0,2,0,2,false,0.058,0,0,0.347,0,0,345
p022,HARD,kosher,true,3,false,PINNED_AT_BOUND,5,5,0,3,3,2,false,0.253,0.02,0,1.123,0,0.109,345
p022,HARD,kosher,true,4,false,FAT_OUT_OF_BAND,5,5,0,0,0,0,false,0.03,0,0,0.309,0,0,345
p022,HARD,kosher,true,5,false,PINNED_AT_BOUND,5,5,0,3,1,2,false,0.259,0,0,0.692,0,0.317,345
p027,IMPOSSIBLE,vegan,false,3,false,STRUCTURAL,4,3,1,1,0,1,false,0.095,0.638,0,0,0,3.551,13
p030,IMPOSSIBLE,vegan,false,3,false,STRUCTURAL,4,3,1,2,2,0,false,-0.219,0.483,0,0.059,0,0.087,17
p036,EASY,none,true,1,false,FAT_OUT_OF_BAND,5,5,0,0,0,0,false,0.04,0,0,0.312,0.003,0,332
p036,EASY,none,true,3,false,PINNED_AT_BOUND,5,5,0,2,0,2,false,0.122,0,0,0.327,0,0.114,332
p036,EASY,none,true,4,false,PINNED_AT_BOUND,5,5,0,2,2,2,false,0.259,0.029,0,0.968,0,0.15,332
p036,EASY,none,true,5,false,PINNED_AT_BOUND,5,5,0,2,0,2,false,0.123,0,0,0.335,0,0.127,332
p036,EASY,none,true,6,false,PINNED_AT_BOUND,5,5,0,2,0,2,false,0.07,0,0,0.276,0,0,332
p034,HARD,kosher,true,0,false,PINNED_AT_BOUND,4,4,0,4,4,2,false,0.154,0.155,0,0.115,0,0.635,63
p034,HARD,kosher,true,1,false,CARB_OUT_OF_BAND,4,4,0,1,1,0,false,0.008,0,0,0,0,0.286,63
p034,HARD,kosher,true,6,false,PINNED_AT_BOUND,4,4,0,3,3,2,false,0.138,0.148,0,0.188,0,0.549,63
p045,IMPOSSIBLE,vegetarian,false,0,false,STRUCTURAL,6,3,3,2,2,0,false,-0.153,0.326,0,0,0,0,35
p045,IMPOSSIBLE,vegetarian,false,1,false,STRUCTURAL,6,6,0,5,4,3,false,0.263,0.116,0,0.559,0,0.568,35
p045,IMPOSSIBLE,vegetarian,false,2,false,STRUCTURAL,6,3,3,2,2,0,false,-0.163,0.287,0.081,0,0,0,35
p045,IMPOSSIBLE,vegetarian,false,3,false,STRUCTURAL,6,3,3,1,1,0,false,-0.163,0.288,0.007,0,0,0,35
p045,IMPOSSIBLE,vegetarian,false,4,false,STRUCTURAL,6,3,3,2,2,0,false,-0.145,0.268,0.004,0,0,0,35
p045,IMPOSSIBLE,vegetarian,false,5,false,STRUCTURAL,6,3,3,2,2,0,false,-0.123,0.3,0,0,0,0,35
p049,EASY,vegetarian,true,3,false,PINNED_AT_BOUND,6,6,0,4,2,3,false,0.122,0,0,0,0,1.075,171
p051,IMPOSSIBLE,vegan,false,0,false,STRUCTURAL,3,3,0,0,0,0,false,-0.005,0.765,0,0.334,0,1.175,20
p051,IMPOSSIBLE,vegan,false,1,false,STRUCTURAL,3,3,0,0,0,0,false,0.001,0.75,0,0.972,0,0.344,20
p051,IMPOSSIBLE,vegan,false,2,false,STRUCTURAL,3,3,0,1,1,0,false,0.125,0.648,0,0,0,1.771,20
p051,IMPOSSIBLE,vegan,false,3,false,STRUCTURAL,3,3,0,2,2,0,false,-0.45,0.85,0,0,0,0,20
p051,IMPOSSIBLE,vegan,false,4,false,STRUCTURAL,3,3,0,1,1,0,false,0.134,0.666,0,0,0,1.789,20
p051,IMPOSSIBLE,vegan,false,5,false,STRUCTURAL,3,3,0,1,1,0,false,-0.215,0.819,0,0.075,0,0.665,20
p051,IMPOSSIBLE,vegan,false,6,false,STRUCTURAL,3,3,0,0,0,0,false,0.001,0.762,0,0.087,0,1.145,20
p059,IMPOSSIBLE,vegan,false,0,false,STRUCTURAL,5,3,2,1,0,1,false,-0.058,0.652,0.014,0,0,0.813,20
p059,IMPOSSIBLE,vegan,false,1,false,STRUCTURAL,5,3,2,2,2,0,false,-0.395,0.801,0,0,0,0,20
p059,IMPOSSIBLE,vegan,false,2,false,STRUCTURAL,5,3,2,0,0,0,false,-0.194,0.774,0,0.916,0,0,20
p059,IMPOSSIBLE,vegan,false,3,false,STRUCTURAL,5,3,2,1,1,0,false,-0.389,0.824,0,0.162,0.001,0,20
p059,IMPOSSIBLE,vegan,false,4,false,STRUCTURAL,5,3,2,1,1,0,false,-0.224,0.672,0.002,0,0,0.582,20
p059,IMPOSSIBLE,vegan,false,5,false,STRUCTURAL,5,3,2,0,0,0,false,-0.172,0.798,0,0,0,0.654,20
p059,IMPOSSIBLE,vegan,false,6,false,STRUCTURAL,5,3,2,1,0,1,false,-0.193,0.746,0,0.008,0,0.311,20
p067,EASY,keto,true,3,false,CARB_OUT_OF_BAND,3,3,0,2,2,0,true,-0.082,0.001,0.052,0,0,0.266,53
p070,HARD,none,true,0,false,PINNED_AT_BOUND,7,7,0,6,0,6,false,0.035,0,0,0,0,0.277,153
p070,HARD,none,true,2,false,PINNED_AT_BOUND,7,7,0,6,1,6,false,0.126,0,0,0.362,0,0.175,153
p072,IMPOSSIBLE,none,false,6,false,STRUCTURAL,5,5,0,3,0,3,false,0.148,0.021,0,0.018,0,0.715,117
p071,HARD,vegetarian,true,3,false,CARB_OUT_OF_BAND,3,3,0,0,0,0,false,0.122,0,0.095,0,0,1.084,33
p073,IMPOSSIBLE,vegan,false,3,false,STRUCTURAL,3,2,1,0,0,0,false,-0.014,0.839,0,0,0,3.211,20
p077,IMPOSSIBLE,vegan,false,3,false,STRUCTURAL,7,4,3,1,1,0,false,-0.318,0.765,0,0,0,0,20
p086,HARD,vegetarian,true,0,false,PINNED_AT_BOUND,6,6,0,3,0,3,false,0.12,0.082,0,0,0,1.04,67
p086,HARD,vegetarian,true,1,false,PINNED_AT_BOUND,6,6,0,3,0,3,false,0.102,0,0,0,0,0.698,67
p086,HARD,vegetarian,true,2,false,PINNED_AT_BOUND,6,6,0,5,1,5,false,0.097,0.03,0,0,0,0.568,67
p086,HARD,vegetarian,true,3,false,PINNED_AT_BOUND,6,6,0,6,0,6,false,0.074,0,0,0,0,0.408,67
p086,HARD,vegetarian,true,4,false,PINNED_AT_BOUND,6,6,0,5,0,5,false,0.061,0,0,0,0,0.362,67
p086,HARD,vegetarian,true,5,false,PINNED_AT_BOUND,6,6,0,6,0,6,false,0.051,0,0.004,0,0,0.442,67
p086,HARD,vegetarian,true,6,false,PINNED_AT_BOUND,6,6,0,3,1,3,false,0.102,0,0,0,0,0.66,67
p088,IMPOSSIBLE,paleo,false,3,false,STRUCTURAL,3,2,1,2,2,0,false,-0.642,0.638,0.271,0,0.67,0,5
p085,ROBUSTNESS,none,true,3,false,CARB_OUT_OF_BAND,2,2,0,1,1,0,false,0.103,0,0,0,0,0.749,167
p093,ROBUSTNESS,none,true,0,false,PINNED_AT_BOUND,5,5,0,2,0,2,false,0.234,0,0,0.636,0,0.294,259
p093,ROBUSTNESS,none,true,1,false,PINNED_AT_BOUND,5,5,0,4,0,4,false,0.123,0,0,0.366,0,0.167,259
p093,ROBUSTNESS,none,true,2,false,PINNED_AT_BOUND,5,5,0,2,1,1,false,-0.001,0,0,0.306,0,0,259
p093,ROBUSTNESS,none,true,3,false,PINNED_AT_BOUND,5,5,0,2,2,2,false,0.26,0,0,1.416,0,0,259
p093,ROBUSTNESS,none,true,4,false,PINNED_AT_BOUND,5,5,0,2,0,2,false,0.035,0,0,0.414,0,0,259
p093,ROBUSTNESS,none,true,5,false,PINNED_AT_BOUND,5,5,0,2,0,2,false,0.125,0.002,0,0.316,0,0.144,259
p095,EASY,paleo,true,3,false,PINNED_AT_BOUND,4,4,0,3,3,0,false,-0.046,0,0,2.144,0.521,0,60
p098,EASY,vegetarian,true,3,false,FAT_OUT_OF_BAND,3,3,0,3,3,0,false,0.03,0.011,0,0.562,0,0,90
p104,EASY,keto,true,0,false,PINNED_AT_BOUND,4,4,0,1,0,1,true,0.003,0,0,0,0,0.014,36
p104,EASY,keto,true,2,false,CARB_OUT_OF_BAND,4,4,0,0,0,0,true,-0.001,0.013,0,0,0,0.651,36
p104,EASY,keto,true,3,false,PINNED_AT_BOUND,4,4,0,2,2,1,true,0.052,0.059,0,0,0,1.412,36
p104,EASY,keto,true,6,false,CARB_OUT_OF_BAND,4,4,0,2,2,0,true,-0.001,0.045,0,0,0,1.203,36
p105,EASY,kosher,true,3,false,FAT_OUT_OF_BAND,4,4,0,2,2,0,false,0.13,0,0,0.852,0,0,241
p108,IMPOSSIBLE,vegan,false,3,false,STRUCTURAL,4,3,1,1,1,0,false,0.01,0.748,0.017,0,0,2.689,20
p109,IMPOSSIBLE,none,false,3,false,STRUCTURAL,3,3,0,3,1,2,false,0.099,0,0,0,0,0.645,102
p111,EASY,carnivore,true,3,false,FAT_OUT_OF_BAND,2,2,0,0,0,0,false,0.004,0,0,2.596,0.916,0,1
p112,EASY,vegetarian,true,2,false,PINNED_AT_BOUND,4,4,0,3,2,3,false,0.092,0,0,0.344,0,0.189,209
p112,EASY,vegetarian,true,3,false,PINNED_AT_BOUND,4,4,0,1,0,1,false,0.007,0,0,0,0,0.288,209
p112,EASY,vegetarian,true,4,false,PINNED_AT_BOUND,4,4,0,1,0,1,false,0.021,0.049,0,0,0,0.355,209
p112,EASY,vegetarian,true,6,false,PINNED_AT_BOUND,4,4,0,3,0,3,false,0.115,0,0,0.494,0,0.257,209
p115,EASY,keto,true,0,false,POOL_EXHAUSTED,4,0,4,0,0,0,true,-1,1,0.89,0,0.5,0,4
p115,EASY,keto,true,1,false,POOL_EXHAUSTED,4,0,4,0,0,0,true,-1,1,0.89,0,0.5,0,4
p115,EASY,keto,true,3,false,POOL_EXHAUSTED,4,0,4,0,0,0,true,-1,1,0.89,0,0.5,0,4
p115,EASY,keto,true,4,false,POOL_EXHAUSTED,4,0,4,0,0,0,true,-1,1,0.89,0,0.5,0,4
p115,EASY,keto,true,6,false,POOL_EXHAUSTED,4,0,4,0,0,0,true,-1,1,0.89,0,0.5,0,4
p129,EASY,none,true,1,false,CARB_OUT_OF_BAND,5,5,0,0,0,0,false,0.063,0,0,0,0,0.318,99
p130,IMPOSSIBLE,vegan,false,0,false,STRUCTURAL,6,4,2,2,1,1,false,-0.19,0.722,0,0.033,0,0.673,20
p130,IMPOSSIBLE,vegan,false,1,false,STRUCTURAL,6,4,2,2,2,0,false,-0.293,0.872,0,0.166,0,0.233,20
p130,IMPOSSIBLE,vegan,false,2,false,STRUCTURAL,6,4,2,0,0,0,false,-0.168,0.817,0,0,0,1.087,20
p130,IMPOSSIBLE,vegan,false,3,false,STRUCTURAL,6,4,2,1,0,1,false,-0.134,0.726,0.002,0,0,1.065,20
p130,IMPOSSIBLE,vegan,false,4,false,STRUCTURAL,6,4,2,3,3,0,false,-0.493,0.921,0,0,0,0,20
p130,IMPOSSIBLE,vegan,false,5,false,STRUCTURAL,6,4,2,1,1,0,false,-0.194,0.818,0,0.003,0,0.696,20
p130,IMPOSSIBLE,vegan,false,6,false,STRUCTURAL,6,4,2,1,1,0,false,-0.156,0.789,0.001,0,0,1.116,20
p128,EASY,mediterranean,true,2,false,PINNED_AT_BOUND,4,4,0,3,1,2,false,0.053,0,0,0.451,0,0,323
p128,EASY,mediterranean,true,4,false,PINNED_AT_BOUND,4,4,0,1,0,1,false,0.007,0,0,0.266,0,0,323
p133,IMPOSSIBLE,vegan,false,3,false,STRUCTURAL,5,3,2,2,1,1,false,-0.169,0.724,0,0,0,1.213,18
p145,HARD,vegan,true,3,false,FAT_OUT_OF_BAND,4,4,0,4,4,0,false,0.092,0,0,0.821,0,0,44
p156,EASY,paleo,true,3,false,PINNED_AT_BOUND,8,8,0,4,0,4,false,0.051,0,0,0.312,0.002,0,164
p163,HARD,vegetarian,true,0,false,PINNED_AT_BOUND,5,5,0,4,0,4,false,0.086,0,0,0.043,0,0.382,327
p163,HARD,vegetarian,true,4,false,PINNED_AT_BOUND,5,5,0,3,1,3,false,0.078,0,0,0,0,0.438,327
p163,HARD,vegetarian,true,6,false,PINNED_AT_BOUND,5,5,0,4,1,3,false,0.143,0.155,0,0,0,0.914,327
p166,HARD,paleo,true,3,false,PINNED_AT_BOUND,5,5,0,2,0,2,false,0.077,0,0,1.505,0.077,0,28
p172,HARD,vegetarian,true,3,false,PINNED_AT_BOUND,5,5,0,1,1,1,false,0.023,0.049,0,0,0,0.814,137
p173,EASY,vegan,true,0,false,PINNED_AT_BOUND,4,4,0,3,3,2,false,0.114,0,0,0.832,0,0,91
p173,EASY,vegan,true,5,false,PINNED_AT_BOUND,4,4,0,3,3,2,false,0.081,0,0,0.315,0,0.073,91
p173,EASY,vegan,true,6,false,PINNED_AT_BOUND,4,4,0,2,1,2,false,0.085,0,0,0.481,0,0.082,91
p175,IMPOSSIBLE,vegan,false,3,false,STRUCTURAL,5,5,0,2,1,1,false,0.027,0.511,0,0.632,0,0.33,20
p183,EASY,mediterranean,true,0,false,PINNED_AT_BOUND,5,5,0,3,2,3,false,0.352,0.01,0,1.141,0,0.372,241
p183,EASY,mediterranean,true,1,false,PINNED_AT_BOUND,5,5,0,2,0,2,false,0.136,0.161,0,0.146,0,0.611,241
p183,EASY,mediterranean,true,4,false,PINNED_AT_BOUND,5,5,0,2,0,2,false,0.115,0,0,0.481,0,0,241
p183,EASY,mediterranean,true,5,false,PINNED_AT_BOUND,5,5,0,2,0,2,false,0.117,0,0,0.511,0,0,241
p181,HARD,none,true,6,false,PINNED_AT_BOUND,5,5,0,3,0,3,false,0.07,0,0,0,0,0.423,322
p184,IMPOSSIBLE,vegan,false,3,false,STRUCTURAL,5,3,2,1,1,0,false,-0.212,0.78,0,0,0,0.405,10
p189,EASY,none,true,1,false,PINNED_AT_BOUND,6,6,0,4,3,3,false,0.064,0,0,0.417,0,0,392
p189,EASY,none,true,6,false,PINNED_AT_BOUND,6,6,0,5,3,4,false,0.024,0,0,0.311,0.001,0,392
p187,HARD,vegetarian,true,3,false,CARB_OUT_OF_BAND,4,4,0,0,0,0,false,0.081,0,0,0,0,0.847,140
p199,EASY,paleo,true,3,false,FAT_OUT_OF_BAND,3,3,0,1,1,0,false,0.028,0,0,0.306,0.095,0,167
p201,EASY,keto,true,4,false,POOL_EXHAUSTED,6,5,1,3,2,3,true,0.219,0.069,0,0.405,0,0,34
p208,IMPOSSIBLE,vegan,false,3,false,STRUCTURAL,3,2,1,2,2,0,false,-0.383,0.722,0.104,0,0.259,0,20
p211,IMPOSSIBLE,vegan,false,0,false,STRUCTURAL,4,2,2,1,1,0,false,-0.232,0.758,0.1,0,0,0.45,17
p211,IMPOSSIBLE,vegan,false,1,false,STRUCTURAL,4,2,2,2,2,0,false,-0.318,0.858,0.001,0,0,0.324,17
p211,IMPOSSIBLE,vegan,false,2,false,STRUCTURAL,4,2,2,2,2,0,false,-0.368,0.816,0.007,0,0,0,17
p211,IMPOSSIBLE,vegan,false,3,false,STRUCTURAL,4,2,2,1,1,0,false,-0.317,0.835,0.006,0,0,0.095,17
p211,IMPOSSIBLE,vegan,false,4,false,STRUCTURAL,4,2,2,1,1,0,false,-0.406,0.837,0,0,0,0,17
p211,IMPOSSIBLE,vegan,false,5,false,STRUCTURAL,4,2,2,1,1,0,false,-0.452,0.874,0.005,0,0,0,17
p211,IMPOSSIBLE,vegan,false,6,false,STRUCTURAL,4,2,2,2,2,0,false,-0.444,0.825,0.113,0,0,0,17
p215,HARD,vegetarian,true,3,false,FAT_OUT_OF_BAND,5,5,0,2,2,0,false,0.115,0,0,0.793,0,0,68
p220,IMPOSSIBLE,vegan,false,3,false,STRUCTURAL,6,3,3,1,1,0,false,-0.221,0.834,0,0,0,0.964,18
p222,IMPOSSIBLE,vegan,false,0,false,STRUCTURAL,4,3,1,0,0,0,false,-0.086,0.776,0,0,0,0.963,17
p222,IMPOSSIBLE,vegan,false,1,false,STRUCTURAL,4,3,1,2,2,0,false,-0.114,0.709,0,0,0,0.718,17
p222,IMPOSSIBLE,vegan,false,2,false,STRUCTURAL,4,3,1,2,2,0,false,-0.21,0.774,0,0.535,0,0,17
p222,IMPOSSIBLE,vegan,false,3,false,STRUCTURAL,4,3,1,1,1,0,false,-0.141,0.887,0,0.969,0,0,17
p222,IMPOSSIBLE,vegan,false,4,false,STRUCTURAL,4,3,1,1,1,0,false,-0.026,0.701,0,0,0,1.138,17
p222,IMPOSSIBLE,vegan,false,5,false,STRUCTURAL,4,3,1,2,2,0,false,-0.4,0.829,0,0,0.065,0,17
p222,IMPOSSIBLE,vegan,false,6,false,STRUCTURAL,4,3,1,2,2,0,false,-0.127,0.789,0,1.002,0,0,17
p227,IMPOSSIBLE,vegan,false,0,false,STRUCTURAL,3,3,0,1,1,0,false,0.112,0.592,0,0,0,1.32,20
p227,IMPOSSIBLE,vegan,false,1,false,STRUCTURAL,3,3,0,0,0,0,false,0.001,0.75,0,0.533,0,0.536,20
p227,IMPOSSIBLE,vegan,false,2,false,STRUCTURAL,3,3,0,1,1,0,false,-0.041,0.74,0,0,0,1.019,20
p227,IMPOSSIBLE,vegan,false,3,false,STRUCTURAL,3,3,0,1,1,0,false,-0.025,0.714,0,1.032,0,0.087,20
p227,IMPOSSIBLE,vegan,false,4,false,STRUCTURAL,3,3,0,0,0,0,false,0.005,0.756,0,0.707,0,0.668,20
p227,IMPOSSIBLE,vegan,false,5,false,STRUCTURAL,3,3,0,2,1,1,false,0.026,0.618,0,0,0,1.131,20
p227,IMPOSSIBLE,vegan,false,6,false,STRUCTURAL,3,3,0,2,2,0,false,-0.437,0.821,0,0,0,0,20
p228,ROBUSTNESS,keto,true,3,false,CARB_OUT_OF_BAND,5,5,0,1,1,0,true,0,0,0,0,0,1.632,53
p229,EASY,vegan,true,0,false,PINNED_AT_BOUND,6,6,0,5,0,5,false,0.162,0,0,0.95,0,0,89
p229,EASY,vegan,true,1,false,PINNED_AT_BOUND,6,6,0,3,0,3,false,0.132,0,0,0.322,0,0.313,89
p229,EASY,vegan,true,2,false,PINNED_AT_BOUND,6,6,0,4,2,3,false,0.169,0.044,0,1.032,0,0.034,89
p229,EASY,vegan,true,3,false,PINNED_AT_BOUND,6,6,0,4,0,4,false,0.127,0,0,0.714,0,0.047,89
p229,EASY,vegan,true,4,false,PINNED_AT_BOUND,6,6,0,4,0,4,false,0.086,0,0,0.797,0,0,89
p229,EASY,vegan,true,6,false,PINNED_AT_BOUND,6,6,0,4,0,4,false,0.204,0.019,0,0.579,0,0.397,89
p230,EASY,none,true,0,false,FAT_OUT_OF_BAND,5,5,0,0,0,0,false,0.031,0,0,0.37,0,0,279
p230,EASY,none,true,2,false,PINNED_AT_BOUND,5,5,0,4,3,2,false,0.128,0,0,0.896,0,0,279
p230,EASY,none,true,3,false,PINNED_AT_BOUND,5,5,0,1,0,1,false,0.055,0,0,0.493,0,0,279
p230,EASY,none,true,4,false,PINNED_AT_BOUND,5,5,0,3,1,2,false,0.08,0,0,0.67,0.001,0,279
p230,EASY,none,true,6,false,PINNED_AT_BOUND,5,5,0,1,0,1,false,0.113,0,0,0.723,0,0,279
p237,EASY,none,true,0,false,PINNED_AT_BOUND,8,8,0,7,0,7,false,0.07,0,0,0.603,0.002,0,853
p237,EASY,none,true,1,false,PINNED_AT_BOUND,8,8,0,6,0,6,false,0.069,0,0,0.313,0,0.03,853
p237,EASY,none,true,5,false,FAT_OUT_OF_BAND,8,8,0,0,0,0,false,0.044,0,0,0.417,0,0,853
p238,EASY,vegan,true,3,false,PINNED_AT_BOUND,6,6,0,4,3,4,false,0.042,0.048,0,0.478,0,0,98
p245,HARD,none,true,0,false,PINNED_AT_BOUND,7,7,0,7,0,7,false,0.332,0.001,0,1.118,0,0.416,162
p245,HARD,none,true,2,false,PINNED_AT_BOUND,7,7,0,6,2,6,false,0.772,0,0,2.68,0,0.64,162
p245,HARD,none,true,3,false,POOL_EXHAUSTED,7,4,3,3,0,3,false,-0.079,0,0,0.316,0,0,162
p248,IMPOSSIBLE,vegan,false,3,false,STRUCTURAL,6,3,3,2,2,0,false,-0.322,0.79,0,0,0,0.019,12
