agent,label,seed,personaId,tier,satisfiable,dietStyle,horizonDays,mealsPerDay,snacksPerDay,poolAfterDiet,poolAfterPrep,slotCalls,meanBudget,solveMs,daysJudged,daysInBand
A14,cap200div2,424242,p000,HARD,true,none,7,4,2,413,238,210,119.000,472,7,6
A14,cap200div2,424242,p001,EASY,true,paleo,1,3,1,156,70,20,35.000,5,1,1
A14,cap200div2,424242,p002,EASY,true,kosher,1,4,1,418,418,5,200.000,40,1,1
A14,cap200div2,424242,p003,EASY,true,mediterranean,1,4,1,814,814,5,200.000,46,1,1
A14,cap200div2,424242,p004,IMPOSSIBLE,false,none,1,3,1,209,98,20,49.000,11,1,0
A14,cap200div2,424242,p005,HARD,true,keto,7,3,0,33,1,105,5.000,1,0,0
A14,cap200div2,424242,p006,HARD,true,none,1,4,2,516,516,6,200.000,54,1,1
A14,cap200div2,424242,p007,EASY,true,none,1,3,0,728,534,6,200.000,73,1,1
A14,cap200div2,424242,p008,ROBUSTNESS,true,vegan,1,3,2,169,169,10,84.000,10,1,1
A14,cap200div2,424242,p009,EASY,true,keto,1,4,0,22,22,4,11.000,0,1,1
A14,cap200div2,424242,p010,EASY,true,none,1,5,1,620,181,6,90.000,3,1,1
A14,cap200div2,424242,p011,EASY,true,none,1,3,0,659,462,3,200.000,25,1,1
A14,cap200div2,424242,p012,EASY,true,none,1,4,3,910,910,7,200.000,73,1,1
A14,cap200div2,424242,p013,HARD,true,none,1,4,2,281,281,6,140.000,21,1,1
A14,cap200div2,424242,p014,HARD,true,none,1,3,0,325,187,3,93.000,4,1,1
A14,cap200div2,424242,p015,EASY,true,none,1,2,0,642,642,2,200.000,5,1,1
A14,cap200div2,424242,p016,EASY,true,none,1,4,1,910,910,5,200.000,26,1,1
A14,cap200div2,424242,p017,HARD,true,paleo,1,5,1,75,72,30,36.000,8,1,0
A14,cap200div2,424242,p018,EASY,true,carnivore,7,3,1,3,3,140,5.000,1,2,0
A14,cap200div2,424242,p019,HARD,true,keto,1,3,2,17,12,5,6.000,0,1,1
A14,cap200div2,424242,p020,EASY,true,vegetarian,1,2,2,217,129,20,64.000,31,1,0
A14,cap200div2,424242,p021,EASY,true,none,1,4,1,520,520,5,200.000,84,1,1
A14,cap200div2,424242,p022,HARD,true,kosher,7,3,2,345,345,175,172.000,1456,7,1
A14,cap200div2,424242,p023,EASY,true,none,7,3,1,910,910,28,200.000,1183,7,7
A14,cap200div2,424242,p024,EASY,true,none,1,3,1,910,910,4,200.000,145,1,1
A14,cap200div2,424242,p025,EASY,true,none,1,4,3,343,343,14,171.000,41,1,1
A14,cap200div2,424242,p026,HARD,true,mediterranean,1,4,0,172,172,4,86.000,16,1,1
A14,cap200div2,424242,p027,IMPOSSIBLE,false,vegan,1,3,1,20,20,20,10.000,2,1,0
A14,cap200div2,424242,p028,IMPOSSIBLE,false,halal,1,3,1,203,114,20,57.000,32,1,1
A14,cap200div2,424242,p029,EASY,true,none,1,2,1,910,910,3,200.000,127,1,1
A14,cap200div2,424242,p030,IMPOSSIBLE,false,vegan,1,3,1,20,17,20,8.000,1,1,0
A14,cap200div2,424242,p031,EASY,true,none,1,5,1,910,910,6,200.000,303,1,1
A14,cap200div2,424242,p032,EASY,true,none,1,3,1,564,564,4,200.000,65,1,1
A14,cap200div2,424242,p033,EASY,true,keto,1,4,3,53,50,7,25.000,3,1,1
A14,cap200div2,424242,p034,HARD,true,kosher,7,2,2,205,205,140,102.000,450,7,5
A14,cap200div2,424242,p035,EASY,true,mediterranean,1,3,2,532,532,5,200.000,84,1,1
A14,cap200div2,424242,p036,EASY,true,none,7,3,2,453,365,175,182.000,2209,7,1
A14,cap200div2,424242,p037,HARD,true,none,1,2,1,316,316,3,158.000,18,1,1
A14,cap200div2,424242,p038,EASY,true,none,1,3,1,426,426,4,200.000,27,1,1
A14,cap200div2,424242,p039,HARD,true,none,1,3,2,323,123,5,61.000,5,1,1
A14,cap200div2,424242,p040,HARD,true,none,1,4,2,234,234,30,117.000,144,1,1
A14,cap200div2,424242,p041,HARD,true,halal,1,4,2,252,110,6,55.000,8,1,1
A14,cap200div2,424242,p042,ROBUSTNESS,true,none,7,3,2,380,380,175,190.000,1228,7,6
A14,cap200div2,424242,p043,EASY,true,halal,1,4,0,489,273,4,136.000,41,1,1
A14,cap200div2,424242,p044,EASY,true,none,1,2,0,564,564,2,200.000,79,1,1
A14,cap200div2,424242,p045,IMPOSSIBLE,false,vegetarian,7,3,3,72,35,210,17.000,22,7,1
A14,cap200div2,424242,p046,EASY,true,paleo,1,3,0,166,156,3,78.000,10,1,1
A14,cap200div2,424242,p047,EASY,true,vegan,7,3,2,169,154,175,77.000,405,7,4
A14,cap200div2,424242,p048,EASY,true,none,1,3,1,910,603,4,200.000,145,1,1
A14,cap200div2,424242,p049,EASY,true,vegetarian,1,4,2,171,171,30,85.000,72,1,0
A14,cap200div2,424242,p050,EASY,true,none,1,5,3,301,301,8,150.000,70,1,1
A14,cap200div2,424242,p051,IMPOSSIBLE,false,vegan,7,3,0,20,20,105,10.000,6,7,0
A14,cap200div2,424242,p052,EASY,true,mediterranean,7,3,1,298,158,28,79.000,41,7,7
A14,cap200div2,424242,p053,EASY,true,none,1,3,2,564,564,25,200.000,255,1,1
A14,cap200div2,424242,p054,EASY,true,vegan,7,5,1,169,169,126,84.000,422,7,7
A14,cap200div2,424242,p055,EASY,true,none,7,2,1,642,601,21,200.000,602,7,7
A14,cap200div2,424242,p056,EASY,true,mediterranean,1,4,1,512,512,5,200.000,116,1,1
A14,cap200div2,424242,p057,HARD,true,none,1,4,0,171,171,4,85.000,16,1,1
A14,cap200div2,424242,p058,ROBUSTNESS,true,vegetarian,1,2,0,286,286,10,143.000,69,1,1
A14,cap200div2,424242,p059,IMPOSSIBLE,false,vegan,7,3,2,20,20,175,10.000,8,7,0
A14,cap200div2,424242,p060,HARD,true,mediterranean,1,4,1,578,234,5,117.000,21,1,1
A14,cap200div2,424242,p061,EASY,true,none,1,3,0,910,910,3,200.000,139,1,1
A14,cap200div2,424242,p062,EASY,true,none,1,3,0,910,910,3,200.000,131,1,1
A14,cap200div2,424242,p063,HARD,true,mediterranean,1,2,1,123,123,3,61.000,4,1,1
A14,cap200div2,424242,p064,EASY,true,paleo,1,3,1,106,34,20,17.000,3,1,0
A14,cap200div2,424242,p065,EASY,true,none,1,3,2,629,629,25,200.000,510,1,0
A14,cap200div2,424242,p066,IMPOSSIBLE,false,kosher,1,3,1,189,98,4,49.000,4,1,1
A14,cap200div2,424242,p067,EASY,true,keto,7,3,0,53,53,42,26.000,19,7,7
A14,cap200div2,424242,p068,EASY,true,none,1,4,0,910,910,4,200.000,195,1,1
A14,cap200div2,424242,p069,EASY,true,none,1,3,2,870,870,5,200.000,88,1,1
A14,cap200div2,424242,p070,HARD,true,none,7,5,2,273,153,245,76.000,743,7,5
A14,cap200div2,424242,p071,HARD,true,vegetarian,1,3,0,67,33,15,16.000,3,1,0
A14,cap200div2,424242,p072,IMPOSSIBLE,false,none,7,4,1,245,117,175,58.000,396,7,6
A14,cap200div2,424242,p073,IMPOSSIBLE,false,vegan,1,2,1,20,20,15,10.000,1,1,0
A14,cap200div2,424242,p074,HARD,true,none,1,5,1,442,442,6,200.000,118,1,1
A14,cap200div2,424242,p075,EASY,true,vegan,1,3,2,169,169,5,84.000,12,1,1
A14,cap200div2,424242,p076,EASY,true,none,1,3,1,910,910,4,200.000,136,1,1
A14,cap200div2,424242,p077,IMPOSSIBLE,false,vegan,1,4,3,20,20,35,10.000,2,1,0
A14,cap200div2,424242,p078,EASY,true,vegetarian,1,5,2,217,217,14,108.000,50,1,1
A14,cap200div2,424242,p079,HARD,true,keto,1,3,2,35,35,5,17.000,1,1,1
A14,cap200div2,424242,p080,IMPOSSIBLE,false,none,1,2,1,214,113,3,56.000,6,1,1
A14,cap200div2,424242,p081,HARD,true,none,1,3,1,218,218,20,109.000,82,1,1
A14,cap200div2,424242,p082,ROBUSTNESS,true,vegetarian,1,3,1,401,149,4,74.000,7,1,1
A14,cap200div2,424242,p083,IMPOSSIBLE,false,keto,1,3,0,22,5,3,5.000,1,1,1
A14,cap200div2,424242,p084,HARD,true,none,1,3,0,158,67,3,33.000,3,1,1
A14,cap200div2,424242,p085,ROBUSTNESS,true,none,1,2,0,265,251,2,125.000,22,1,1
A14,cap200div2,424242,p086,HARD,true,vegetarian,7,5,1,124,67,210,33.000,94,7,0
A14,cap200div2,424242,p087,HARD,true,none,1,3,0,255,164,3,82.000,14,1,1
A14,cap200div2,424242,p088,IMPOSSIBLE,false,paleo,1,3,0,24,5,15,5.000,0,1,0
A14,cap200div2,424242,p089,EASY,true,keto,7,4,1,53,53,175,26.000,75,7,5
A14,cap200div2,424242,p090,EASY,true,none,1,2,0,723,250,2,125.000,23,1,1
A14,cap200div2,424242,p091,EASY,true,halal,1,3,3,715,715,6,200.000,67,1,1
A14,cap200div2,424242,p092,EASY,true,none,1,3,1,749,508,12,200.000,70,1,1
A14,cap200div2,424242,p093,ROBUSTNESS,true,none,7,3,2,259,259,175,129.000,1332,7,1
A14,cap200div2,424242,p094,EASY,true,none,1,2,2,657,657,4,200.000,89,1,1
A14,cap200div2,424242,p095,EASY,true,paleo,1,3,1,166,122,20,61.000,30,1,0
A14,cap200div2,424242,p096,ROBUSTNESS,true,none,1,9,1,910,910,10,200.000,563,1,1
A14,cap200div2,424242,p097,EASY,true,none,1,3,1,272,272,4,136.000,17,1,1
A14,cap200div2,424242,p098,EASY,true,vegetarian,1,3,0,174,90,15,45.000,19,1,0
A14,cap200div2,424242,p099,EASY,true,none,1,3,2,910,910,5,200.000,179,1,1
A14,cap200div2,424242,p100,IMPOSSIBLE,false,mediterranean,1,3,3,212,105,30,52.000,26,1,0
A14,cap200div2,424242,p101,ROBUSTNESS,true,none,1,3,1,910,910,4,200.000,118,1,1
A14,cap200div2,424242,p102,EASY,true,mediterranean,1,3,1,814,324,4,162.000,50,1,1
A14,cap200div2,424242,p103,IMPOSSIBLE,false,keto,1,4,1,19,5,5,5.000,0,1,1
A14,cap200div2,424242,p104,EASY,true,keto,7,3,1,36,36,140,18.000,22,7,4
A14,cap200div2,424242,p105,EASY,true,kosher,1,3,1,459,241,20,120.000,159,1,1
A14,cap200div2,424242,p106,HARD,true,none,1,3,1,408,390,4,195.000,80,1,1
A14,cap200div2,424242,p107,EASY,true,none,1,3,0,826,826,3,200.000,153,1,1
A14,cap200div2,424242,p108,IMPOSSIBLE,false,vegan,1,3,1,20,20,20,10.000,2,1,0
A14,cap200div2,424242,p109,IMPOSSIBLE,false,none,7,3,0,199,102,105,51.000,222,7,7
A14,cap200div2,424242,p110,EASY,true,none,1,2,0,871,871,2,200.000,94,1,1
A14,cap200div2,424242,p111,EASY,true,carnivore,1,2,0,1,1,10,5.000,0,1,0
A14,cap200div2,424242,p112,EASY,true,vegetarian,7,3,1,217,217,140,108.000,678,7,3
A14,cap200div2,424242,p113,HARD,true,none,1,4,1,306,139,25,69.000,76,1,1
A14,cap200div2,424242,p114,EASY,true,keto,1,4,0,53,53,4,26.000,2,1,1
A14,cap200div2,424242,p115,EASY,true,keto,7,3,1,28,4,140,5.000,2,2,2
A14,cap200div2,424242,p116,EASY,true,none,1,3,2,752,288,5,144.000,33,1,1
A14,cap200div2,424242,p117,HARD,true,none,7,4,1,378,378,35,189.000,738,7,7
A14,cap200div2,424242,p118,HARD,true,kosher,7,3,1,259,141,28,70.000,72,7,7
A14,cap200div2,424242,p119,EASY,true,none,1,2,1,830,830,12,200.000,281,1,1
A14,cap200div2,424242,p120,EASY,true,vegetarian,1,5,1,85,85,30,42.000,20,1,1
A14,cap200div2,424242,p121,EASY,true,mediterranean,1,4,1,814,736,5,200.000,142,1,1
A14,cap200div2,424242,p122,EASY,true,mediterranean,7,3,2,814,814,35,200.000,715,7,7
A14,cap200div2,424242,p123,EASY,true,none,1,3,1,687,687,4,200.000,105,1,1
A14,cap200div2,424242,p124,EASY,true,none,7,4,1,910,910,35,200.000,587,7,7
A14,cap200div2,424242,p125,ROBUSTNESS,true,none,1,9,2,296,296,55,148.000,791,1,1
A14,cap200div2,424242,p126,HARD,true,none,1,3,2,532,532,5,200.000,93,1,1
A14,cap200div2,424242,p127,HARD,true,vegetarian,1,3,1,304,110,20,55.000,27,1,0
A14,cap200div2,424242,p128,EASY,true,mediterranean,7,2,2,774,323,140,161.000,599,7,6
A14,cap200div2,424242,p129,EASY,true,none,7,4,1,360,288,35,144.000,374,7,7
A14,cap200div2,424242,p130,IMPOSSIBLE,false,vegan,7,4,2,20,20,210,10.000,7,7,0
A14,cap200div2,424242,p131,EASY,true,none,1,4,2,910,910,6,200.000,123,1,1
A14,cap200div2,424242,p132,EASY,true,none,1,3,2,642,642,5,200.000,25,1,1
A14,cap200div2,424242,p133,IMPOSSIBLE,false,vegan,1,3,2,20,20,25,10.000,2,1,0
A14,cap200div2,424242,p134,EASY,true,none,1,3,2,728,728,5,200.000,71,1,1
A14,cap200div2,424242,p135,EASY,true,vegetarian,7,5,1,327,117,42,58.000,63,7,7
A14,cap200div2,424242,p136,EASY,true,none,7,3,2,741,741,35,200.000,1012,7,7
A14,cap200div2,424242,p137,EASY,true,none,1,4,2,910,910,6,200.000,198,1,1
A14,cap200div2,424242,p138,HARD,true,none,7,3,0,285,285,21,142.000,318,7,7
A14,cap200div2,424242,p139,HARD,true,vegan,1,4,1,89,89,10,44.000,10,1,1
A14,cap200div2,424242,p140,EASY,true,mediterranean,7,3,0,814,814,21,200.000,596,7,7
A14,cap200div2,424242,p141,EASY,true,vegetarian,1,3,2,401,401,15,200.000,105,1,1
A14,cap200div2,424242,p142,EASY,true,none,1,2,0,401,401,2,200.000,46,1,1
A14,cap200div2,424242,p143,EASY,true,vegetarian,7,4,1,327,84,35,42.000,26,7,7
A14,cap200div2,424242,p144,EASY,true,kosher,1,3,2,680,317,5,158.000,22,1,1
A14,cap200div2,424242,p145,HARD,true,vegan,1,3,1,46,44,20,22.000,5,1,0
A14,cap200div2,424242,p146,HARD,true,none,1,5,3,306,116,8,58.000,11,1,1
A14,cap200div2,424242,p147,EASY,true,none,7,3,1,605,605,28,200.000,421,7,7
A14,cap200div2,424242,p148,EASY,true,none,1,5,0,426,160,5,80.000,22,1,1
A14,cap200div2,424242,p149,HARD,true,keto,1,2,1,37,5,3,5.000,1,1,1
A14,cap200div2,424242,p150,EASY,true,mediterranean,1,3,2,814,814,5,200.000,96,1,1
A14,cap200div2,424242,p151,EASY,true,none,1,5,0,728,534,5,200.000,102,1,1
A14,cap200div2,424242,p152,EASY,true,keto,1,3,1,53,33,4,16.000,1,1,1
A14,cap200div2,424242,p153,EASY,true,mediterranean,1,2,0,368,368,10,184.000,177,1,1
A14,cap200div2,424242,p154,HARD,true,none,1,5,2,246,165,7,82.000,5,1,1
A14,cap200div2,424242,p155,IMPOSSIBLE,false,vegan,1,5,1,20,20,30,10.000,2,1,0
A14,cap200div2,424242,p156,EASY,true,paleo,1,5,3,164,164,40,82.000,85,1,0
A14,cap200div2,424242,p157,EASY,true,vegetarian,1,3,0,327,84,3,42.000,4,1,1
A14,cap200div2,424242,p158,EASY,true,kosher,1,5,1,612,450,6,200.000,125,1,1
A14,cap200div2,424242,p159,HARD,true,none,1,3,3,171,111,30,55.000,37,1,1
A14,cap200div2,424242,p160,IMPOSSIBLE,false,none,1,3,1,165,72,4,36.000,1,1,1
A14,cap200div2,424242,p161,EASY,true,keto,1,3,1,46,46,4,23.000,0,1,1
A14,cap200div2,424242,p162,EASY,true,none,1,4,1,910,283,5,141.000,10,1,1
A14,cap200div2,424242,p163,HARD,true,vegetarian,7,3,2,327,327,175,163.000,964,7,5
A14,cap200div2,424242,p164,HARD,true,none,1,3,1,366,236,4,118.000,34,1,1
A14,cap200div2,424242,p165,EASY,true,none,1,3,2,642,642,5,200.000,153,1,1
A14,cap200div2,424242,p166,HARD,true,paleo,1,3,2,28,28,25,14.000,2,1,0
A14,cap200div2,424242,p167,EASY,true,none,1,5,1,247,247,6,123.000,54,1,1
A14,cap200div2,424242,p168,EASY,true,paleo,1,4,1,148,148,10,74.000,15,1,1
A14,cap200div2,424242,p169,HARD,true,none,7,4,2,143,143,42,71.000,76,7,7
A14,cap200div2,424242,p170,HARD,true,none,1,4,2,95,95,6,47.000,5,1,1
A14,cap200div2,424242,p171,ROBUSTNESS,true,none,1,9,2,413,413,11,200.000,259,1,1
A14,cap200div2,424242,p172,HARD,true,vegetarian,1,3,2,196,137,25,68.000,47,1,0
A14,cap200div2,424242,p173,EASY,true,vegan,7,3,1,169,169,140,84.000,464,7,4
A14,cap200div2,424242,p174,HARD,true,none,7,3,1,118,118,28,59.000,40,7,7
A14,cap200div2,424242,p175,IMPOSSIBLE,false,vegan,1,5,0,20,20,25,10.000,2,1,0
A14,cap200div2,424242,p176,EASY,true,none,1,5,1,910,603,6,200.000,214,1,1
A14,cap200div2,424242,p177,EASY,true,none,1,3,2,494,494,5,200.000,81,1,1
A14,cap200div2,424242,p178,EASY,true,mediterranean,1,4,3,296,296,7,148.000,10,1,1
A14,cap200div2,424242,p179,EASY,true,none,1,3,1,642,642,4,200.000,98,1,1
A14,cap200div2,424242,p180,EASY,true,none,1,5,1,336,336,6,168.000,54,1,1
A14,cap200div2,424242,p181,HARD,true,none,7,4,1,335,322,35,161.000,574,7,7
A14,cap200div2,424242,p182,EASY,true,none,7,2,1,910,910,21,200.000,878,7,7
A14,cap200div2,424242,p183,EASY,true,mediterranean,7,3,2,241,241,175,120.000,859,7,3
A14,cap200div2,424242,p184,IMPOSSIBLE,false,vegan,1,3,2,20,10,25,5.000,1,1,0
A14,cap200div2,424242,p185,EASY,true,none,1,3,2,642,642,5,200.000,157,1,1
A14,cap200div2,424242,p186,EASY,true,none,1,5,0,910,910,5,200.000,295,1,1
A14,cap200div2,424242,p187,HARD,true,vegetarian,1,2,2,196,140,20,70.000,31,1,0
A14,cap200div2,424242,p188,HARD,true,none,1,3,0,270,143,3,71.000,12,1,1
A14,cap200div2,424242,p189,EASY,true,none,7,5,1,392,392,42,196.000,881,7,7
A14,cap200div2,424242,p190,EASY,true,mediterranean,1,3,3,712,712,6,200.000,30,1,1
A14,cap200div2,424242,p191,HARD,true,none,7,4,0,638,638,28,200.000,1140,7,7
A14,cap200div2,424242,p192,EASY,true,halal,1,3,2,348,204,5,102.000,19,1,1
A14,cap200div2,424242,p193,EASY,true,none,1,3,1,910,910,4,200.000,121,1,1
A14,cap200div2,424242,p194,EASY,true,none,7,4,1,610,610,35,200.000,814,7,7
A14,cap200div2,424242,p195,EASY,true,none,7,3,0,723,664,21,200.000,814,7,7
A14,cap200div2,424242,p196,HARD,true,mediterranean,1,3,0,315,315,3,157.000,40,1,1
A14,cap200div2,424242,p197,ROBUSTNESS,true,none,7,9,0,488,488,63,200.000,1932,7,7
A14,cap200div2,424242,p198,EASY,true,none,1,3,1,741,500,4,200.000,43,1,1
A14,cap200div2,424242,p199,EASY,true,paleo,1,2,1,167,167,15,83.000,31,1,0
A14,cap200div2,424242,p200,EASY,true,none,1,3,0,910,910,3,200.000,109,1,1
A14,cap200div2,424242,p201,EASY,true,keto,7,3,3,53,53,210,26.000,39,7,6
A14,cap200div2,424242,p202,EASY,true,none,7,3,0,741,741,21,200.000,427,7,7
A14,cap200div2,424242,p203,HARD,true,paleo,7,3,1,116,116,140,58.000,198,7,6
A14,cap200div2,424242,p204,HARD,true,none,1,3,2,266,266,5,133.000,33,1,1
A14,cap200div2,424242,p205,EASY,true,kosher,1,2,0,459,459,2,200.000,21,1,1
A14,cap200div2,424242,p206,HARD,true,none,1,3,2,125,125,5,62.000,7,1,1
A14,cap200div2,424242,p207,EASY,true,none,1,3,3,657,493,6,200.000,105,1,1
A14,cap200div2,424242,p208,IMPOSSIBLE,false,vegan,1,2,1,20,20,15,10.000,1,1,0
A14,cap200div2,424242,p209,HARD,true,none,1,3,0,199,98,3,49.000,3,1,1
A14,cap200div2,424242,p210,EASY,true,paleo,1,3,1,167,167,4,83.000,10,1,1
A14,cap200div2,424242,p211,IMPOSSIBLE,false,vegan,7,2,2,20,17,140,8.000,4,7,0
A14,cap200div2,424242,p212,IMPOSSIBLE,false,vegetarian,1,3,1,72,35,4,17.000,1,1,1
A14,cap200div2,424242,p213,EASY,true,none,1,4,1,826,826,5,200.000,208,1,1
A14,cap200div2,424242,p214,EASY,true,vegetarian,1,3,3,370,171,6,85.000,6,1,1
A14,cap200div2,424242,p215,HARD,true,vegetarian,1,3,2,68,68,25,34.000,11,1,0
A14,cap200div2,424242,p216,HARD,true,none,1,5,0,336,164,5,82.000,24,1,1
A14,cap200div2,424242,p217,EASY,true,none,1,2,1,456,456,3,200.000,25,1,1
A14,cap200div2,424242,p218,EASY,true,vegan,1,3,2,98,94,25,47.000,16,1,1
A14,cap200div2,424242,p219,IMPOSSIBLE,false,vegan,1,5,1,48,18,30,9.000,2,1,0
A14,cap200div2,424242,p220,IMPOSSIBLE,false,vegan,1,3,3,20,20,30,10.000,2,1,0
A14,cap200div2,424242,p221,ROBUSTNESS,true,none,1,9,0,797,797,9,200.000,465,1,1
A14,cap200div2,424242,p222,IMPOSSIBLE,false,vegan,7,3,1,20,17,140,8.000,5,7,0
A14,cap200div2,424242,p223,EASY,true,kosher,1,3,0,657,657,3,200.000,95,1,1
A14,cap200div2,424242,p224,EASY,true,none,1,4,1,426,426,5,200.000,19,1,1
A14,cap200div2,424242,p225,EASY,true,kosher,1,3,3,658,658,6,200.000,21,1,1
A14,cap200div2,424242,p226,ROBUSTNESS,true,kosher,7,9,1,317,189,350,94.000,1762,7,0
A14,cap200div2,424242,p227,IMPOSSIBLE,false,vegan,7,3,0,20,20,105,10.000,6,7,0
A14,cap200div2,424242,p228,ROBUSTNESS,true,keto,1,5,0,53,53,5,26.000,2,1,1
A14,cap200div2,424242,p229,EASY,true,vegan,7,5,1,89,89,210,44.000,216,7,2
A14,cap200div2,424242,p230,EASY,true,none,7,2,3,821,279,175,139.000,199,7,2
A14,cap200div2,424242,p231,EASY,true,none,1,3,3,564,564,30,200.000,171,1,0
A14,cap200div2,424242,p232,EASY,true,halal,7,3,1,758,758,28,200.000,760,7,7
A14,cap200div2,424242,p233,ROBUSTNESS,true,none,1,0,0,494,494,0,,0,0,0
A14,cap200div2,424242,p234,HARD,true,vegetarian,7,3,0,171,89,21,44.000,24,7,7
A14,cap200div2,424242,p235,EASY,true,vegan,1,2,0,169,169,10,84.000,36,1,1
A14,cap200div2,424242,p236,EASY,true,none,1,3,2,800,800,5,200.000,136,1,1
A14,cap200div2,424242,p237,EASY,true,none,7,5,3,853,853,280,200.000,10105,7,5
A14,cap200div2,424242,p238,EASY,true,vegan,1,3,3,98,98,30,49.000,17,1,0
A14,cap200div2,424242,p239,HARD,true,paleo,7,2,2,108,29,140,14.000,12,7,0
A14,cap200div2,424242,p240,EASY,true,none,1,5,1,910,910,6,200.000,303,1,1
A14,cap200div2,424242,p241,EASY,true,none,1,3,3,910,910,12,200.000,100,1,1
A14,cap200div2,424242,p242,HARD,true,mediterranean,1,4,2,270,270,6,135.000,15,1,1
A14,cap200div2,424242,p243,EASY,true,none,1,3,1,577,577,4,200.000,54,1,1
A14,cap200div2,424242,p244,EASY,true,halal,1,5,0,758,336,5,168.000,26,1,1
A14,cap200div2,424242,p245,HARD,true,none,7,4,3,168,162,245,81.000,743,7,5
A14,cap200div2,424242,p246,EASY,true,none,1,4,0,910,283,4,141.000,59,1,1
A14,cap200div2,424242,p247,EASY,true,none,1,3,3,853,774,6,200.000,170,1,1
A14,cap200div2,424242,p248,IMPOSSIBLE,false,vegan,1,3,3,12,12,30,6.000,1,1,0
A14,cap200div2,424242,p249,HARD,true,keto,7,2,1,28,28,21,14.000,2,7,7
