recipe_id,name,slot_type,kcal,protein_g,fat_g,carb_g,fat_g_per_100kcal,protein_g_per_100kcal,carb_g_per_100kcal,fat_kcal_share
cmrevpcor000swl5g1h40af1g,"Cast-Iron Sirloin, Rice & Peppers",meal,880.7,79.49,30.9,65.01,3.51,9.03,7.38,0.3158
cmrevpcpb0011wl5g2m81r2ia,"Cast-Iron Sirloin, Potato & Cucumber",meal,821.7,79.73,30.34,55.75,3.69,9.7,6.78,0.3323
cmrevpcpy001awl5g9a8o25b5,"Skillet Chicken Thighs, Rice & Peppers",meal,990.86,84.97,40.23,65.01,4.06,8.58,6.56,0.3654
cmrevpcql001jwl5g0ikdkucb,"Skillet Chicken Thighs, Potato & Cucumber",meal,931.86,85.21,39.67,55.75,4.26,9.14,5.98,0.3831
cmrevpcr6001swl5get7ijrk9,"Ground Beef & Rice Skillet",meal,808.2,71.99,26.65,65.01,3.3,8.91,8.04,0.2968
cmrevpcrq0021wl5gyq2peags,"Ground Beef & Potato Hash",meal,709,72.75,18.2,61.5,2.57,10.26,8.67,0.231
cmrevpcs50028wl5gyztnypbq,"Pan-Seared Salmon, Rice & Peppers",meal,780.3,57.5,29.57,65,3.79,7.37,8.33,0.3411
cmrevpcsp002fwl5g3vr4wite,"Pan-Seared Salmon & Potato",meal,721.3,57.73,29.01,55.74,4.02,8,7.73,0.362
cmrevpcta002mwl5guzn8e8rm,"Street Chili",meal,1483.88,161.14,35.28,131,2.38,10.86,8.83,0.214
cmrevpctw002twl5gdov5q7ka,"Grilled Chicken Breast, Rice & Peppers",meal,719,84.4,10.05,65,1.4,11.74,9.04,0.1258
cmrevpcvo003jwl5guvnw6zs7,"Ground Elk, Rice & Peppers",meal,681.5,71.9,11.05,65,1.62,10.55,9.54,0.1459
cmrevpcwp003xwl5g4m1mkjga,"Elk Smokies & Potato",meal,567.5,31.14,24.49,58.94,4.32,5.49,10.39,0.3884
cmrevpcyt004lwl5gx6bidm0z,"Jerky & Pork Rinds Snack Plate",snack,409.2,38.1,24.9,6.6,6.09,9.31,1.61,0.5477
cmrevpcz5004qwl5gt3aso51q,"Greek Yogurt, Almonds & Berries",snack,502.7,44.1,22.7,35,4.52,8.77,6.96,0.4064
cmrevpczp004xwl5get0rorr3,"Pistachios & Jerky",snack,332,19.3,24,12.6,7.23,5.81,3.8,0.6506
cmrevpd0k0057wl5ggnxuvv9c,"Avocado Chips & Jerky",snack,289,14.2,18.65,15.65,6.45,4.91,5.42,0.5808
cmrfn2w780030wlg49qus3ftp,"Grilled Chicken Breast & Perogies",meal,930,77,22.2,99,2.39,8.28,10.65,0.2148
cmrfp3wtp000ewlj0rcs6iepn,"Tuna Cucumber Cracker Plate",snack,215.41,20.18,6.98,17.61,3.24,9.37,8.17,0.2915
cmrg943yg0000wl74sz88wxh4,"Ground Elk & Potato",meal,622.5,72.14,10.49,55.74,1.69,11.59,8.95,0.1517
cmrj2tcp800q7wlwsmsa16xqz,"Algerian Kefta (Meatballs)",meal,351.44,30.13,19.35,13.41,5.51,8.57,3.82,0.4956
cmrj2tcre00qowlws3z32d0wt,"Arepa Pabellón",meal,1323.71,80.18,84.69,67.96,6.4,6.06,5.13,0.5758
cmrj2tctf00r5wlwshnmjtoqv,"Arepa pelua",meal,533.98,49.95,32.59,9.58,6.1,9.35,1.79,0.5494
cmrj2tcwi00ruwlws9voqvh31,"Aussie Burgers",meal,344.1,35.5,10.1,28.4,2.94,10.32,8.25,0.2642
cmrj2tcxw00s5wlwsnxal50uf,"Beef and Broccoli Stir-Fry",meal,322.8,36.7,15.8,11,4.89,11.37,3.41,0.4405
cmrj2td1i00sywlws92ztztmc,"Beef and Mustard Pie",meal,1510.25,88.14,91.57,79.21,6.06,5.84,5.24,0.5457
cmrj2td5300ttwlwszao8ubba,"Beef Asado",meal,1291.43,109.26,86.12,17.02,6.67,8.46,1.32,0.6002
cmrj2td8j00umwlwsz2zyol7o,"Beef Banh Mi Bowls with Sriracha Mayo, Carrot & Pickled Cucumber",meal,423.6,32.84,19.45,27.74,4.59,7.75,6.55,0.4132
cmrj2tdaz00v3wlwswkxw97wx,"Beef Brisket Pot Roast",meal,1626.3,150.77,65.28,131.27,4.01,9.27,8.07,0.3613
cmrj2tddx00vqwlwseo6pc1hn,"Beef Caldereta",meal,332.7,18.73,22.83,15.11,6.86,5.63,4.54,0.6175
cmrj2tdht00wjwlwsyzh36ga3,"Beef Dumpling Stew",meal,1150.8,67.52,54.21,93.08,4.71,5.87,8.09,0.4239
cmrj2tdmk00xmwlwsv05z7q46,"Beef Empanadas",meal,1138.95,78.23,35.39,128.75,3.11,6.87,11.3,0.2797
cmrj2tdqy00ynwlwsqk38z6o9,"Beef Lo Mein",meal,395.46,20.39,27.91,17.41,7.06,5.16,4.4,0.6353
cmrj2tdv500zmwlwsn65ophon,"BEEF LOK LAK (Lok Lak Sach Ko)",meal,629.49,62.16,33.23,20.45,5.28,9.87,3.25,0.4751
cmrj2tdz2010jwlwsjq6hkasn,"Beef Mandi",meal,1211.9,32.39,23.28,219.7,1.92,2.67,18.13,0.1729
cmrj2te240118wlws7wywvlp6,"Beef Mechado",meal,841.08,68.16,44.2,52.38,5.26,8.1,6.23,0.473
cmrj2te56011xwlwsr6h3ukje,"Beef pho",meal,426.13,33.44,14.47,51.87,3.39,7.85,12.17,0.3055
cmrj2te9d012wwlws424po6hx,"Beef pumpkin Stew",meal,1410.14,114.01,55.74,121.97,3.95,8.08,8.65,0.3557
cmrj2tecn013nwlwsg47o2ieg,"Beef stroganoff",meal,812.7,33.7,57.78,41.37,7.11,4.15,5.09,0.6398
cmrj2tefg014awlws094inn2l,"Beef Sunday Roast",meal,513.59,36.77,17.12,57.73,3.33,7.16,11.24,0.3
cmrj2tehs014rwlwsn6dj1gr6,"Big Mac",meal,836.99,38.99,64,30.64,7.65,4.66,3.66,0.6881
cmrj2tese016hwlwsxluy0hd8,"Bistek",meal,431.22,32.9,28.57,10.27,6.63,7.63,2.38,0.5963
cmrj2tf18018iwlwsofai8vzs,"Brun Lapskaus (Norwegian Beef Vegetable Stew)",meal,1178.55,71.7,81.15,41.1,6.89,6.08,3.49,0.6197
cmrj2tf480195wlwsgzeoni1g,"Cabbage with Ground Beef",meal,411.63,31.68,26.58,11.38,6.46,7.7,2.76,0.5812
cmrj2tf8301a0wlwshrp0eyw7,"Carbonada Criolla",meal,452.74,38.34,16.63,38.66,3.67,8.47,8.54,0.3307
cmrj2tfcs01b4wlwspszu8vr4,"Classic Tourtière",meal,1160.45,69.44,70.01,62.06,6.03,5.98,5.35,0.5429
cmrj2tfgj01bzwlwsiclxnmkz,"Corned Beef and Cabbage",meal,1973.82,155.11,54.57,212.46,2.76,7.86,10.76,0.2488
cmrj2tfhs01c8wlws9ww0m02i,"Corned Beef and Cabbage – Jamaican Style",meal,343.33,19.32,20.64,24.3,6.01,5.63,7.08,0.5411
cmrj2tfkn01cvwlwsqmr1tsmw,"Corned Beef Hash",meal,478.96,24.28,30.36,27.47,6.34,5.07,5.74,0.5705
cmrj2tfmu01dawlwswa6bl8hj,"Croatian lamb peka",meal,947.9,38.38,66.74,41.16,7.04,4.05,4.34,0.6337
cmrj2tfq401e1wlwstj0oaz7a,"Cumberland Pie",meal,1618.32,74.36,87.47,171.14,5.41,4.6,10.58,0.4865
cmrj2tftu01ewwlwssdyfmk3a,"Drunken noodles (pad kee mao)",meal,979.8,24.8,74.5,54.8,7.6,2.53,5.59,0.6843
cmrj2tfwj01fjwlwspz3r5krx,"Egyptian Fatteh",meal,1806.01,42,137.17,97.79,7.6,2.33,5.41,0.6836
cmrj2tg0q01gewlwsa48gnu4k,"Empanadas",meal,1277.72,53.51,72.26,104.04,5.66,4.19,8.14,0.509
cmrj2tg3z01h3wlwsz7rf0gdo,"Golabki (cabbage roll)",meal,899.49,54.73,38.14,83.99,4.24,6.08,9.34,0.3816
cmrj2tg6p01howlws2uk4qbpp,"Jamaican Beef Patties",meal,1682.55,77.74,98.8,119.89,5.87,4.62,7.13,0.5285
cmrj2tgbp01itwlwsff4ixg51,"Jiggs Dinner",meal,1098.33,82.01,40.67,102.58,3.7,7.47,9.34,0.3332
cmrj2tggn01jtwlwsfpr46mf4,"Kenyan Beef Curry",meal,935.03,69.04,67.75,16.64,7.25,7.38,1.78,0.6521
cmrj2tgkb01kmwlwssb23001m,"Lakra me Mish Cabbage and Meat Stew",meal,324.47,34.82,17.77,5.51,5.48,10.73,1.7,0.4929
cmrj2tgn501l9wlwsssitmq2g,"Lemongrass beef stew with noodles",meal,722.83,26.83,59.36,22.73,8.21,3.71,3.14,0.7391
cmrj2tgq601m0wlwsywpofgzn,"Matambre a la Pizza",meal,824.61,81.36,48.58,17.73,5.89,9.87,2.15,0.5302
cmrj2tgrz01mfwlwsw3y7m12b,"Minced Beef Pie",meal,848.9,42.3,49.9,56.19,5.88,4.98,6.62,0.529
cmrj2tgui01n0wlwsotxc0g0h,"Mini chilli beef pies",meal,993.05,31.29,62.98,76.42,6.34,3.15,7.7,0.5708
cmrj2tgxs01nrwlws8i917g2f,"Montreal Smoked Meat",meal,127.79,9.79,4.15,16.58,3.25,7.66,12.97,0.2924
cmrj2th2101oowlwsp7untu4c,"Moussaka",meal,444.28,43.74,19.24,23.67,4.33,9.85,5.33,0.3898
cmrj2th4801p5wlws0li1ggqi,"Pastel de Papas (Chilean Potato Pie)",meal,808.59,37.34,55.86,38.77,6.91,4.62,4.79,0.6218
cmrj2th8301q0wlwsnx3cz6ga,"Paszteciki (Polish Pasties)",meal,1520.77,27.25,147.16,27.61,9.68,1.79,1.82,0.8709
cmrj2thaz01qpwlwszge85ud6,"Pate Chinois",meal,631.03,35.37,32.12,53.21,5.09,5.6,8.43,0.4581
cmrj2thi701sfwlwsgm0j7u5k,"Red Peas Soup",meal,1102.44,83.41,39.91,111.41,3.62,7.57,10.11,0.3258
cmrj2thm601tawlws21s2x8a7,"Salt Beef and Beans",meal,502.17,28.39,30.63,29.6,6.1,5.65,5.89,0.549
cmrj2thoz01txwlwstiv1k3j4,"Satee",meal,2078.46,127.02,168.44,13.07,8.1,6.11,0.63,0.7294
cmrj2thrp01ukwlwsyjd1nnsi,"Seswaa",meal,590.5,68.1,32.6,3.1,5.52,11.53,0.52,0.4969
cmrj2thte01uxwlwsqweidpq2,"Soy-Glazed Meatloaves with Wasabi Mashed Potatoes & Roasted Carrots",meal,475.26,21.14,12.24,74.64,2.58,4.45,15.7,0.2318
cmrj2thw601vkwlwszdgp4j0u,"Steak & Vietnamese noodle salad",meal,256.34,16.26,12.67,20.77,4.94,6.34,8.1,0.4448
cmrj2thzh01wbwlwsbmq86fy2,"Steak and Kidney Pie",meal,647.35,21.34,41.91,46.33,6.47,3.3,7.16,0.5827
cmrj2ti2o01x0wlwssug2avdi,"Szechuan Beef",meal,335.33,19.31,22.64,14.42,6.75,5.76,4.3,0.6076
cmrj2ti7a01y5wlws2z7h786o,"Tafelspitz",meal,987.22,112.69,49.72,19.08,5.04,11.42,1.93,0.4533
cmrj2ti9z01yqwlws29w1qujh,"Thai beef stir-fry",meal,322.65,28.16,20.03,6.31,6.21,8.73,1.96,0.5587
cmrj2tibi01z1wlwslvd0p79d,"Traditional Croatian Goulash",meal,436.29,35.33,23.57,10.77,5.4,8.1,2.47,0.4862
cmrj2tiel01zqwlwstu8jjyf3,"Turkish lahmacun",meal,854.75,40.61,21.03,128.89,2.46,4.75,15.08,0.2215
cmrj2tii0020jwlwsld1aq10z,"Venezuelan Shredded Beef",meal,427.45,53.67,18.61,12.4,4.35,12.55,2.9,0.3919
cmrj2tilg021cwlws3bw2silm,"15-minute chicken & halloumi burgers",meal,682.25,36.48,42.98,37.13,6.3,5.35,5.44,0.567
cmrj2tioc021zwlwsz9ykk569,"Belgian Waterzooi Chicken",meal,458.91,21.42,32.01,23.1,6.97,4.67,5.03,0.6277
cmrj2tisd022uwlwsj9ss5frl,"Bengali Chicken Curry with Potatoes",meal,403.02,43.07,12.91,27.76,3.2,10.69,6.89,0.2883
cmrj2tivn023jwlws2kbiwer3,"Brown Stew Chicken",meal,173.18,6.63,10.03,15.49,5.79,3.83,8.94,0.5212
cmrj2tiyp024awlwseqvsubjb,"Chick-Fil-A Sandwich",meal,788.76,18.28,70.23,22.84,8.9,2.32,2.9,0.8013
cmrj2tj51025swlws89dehsen,"Chicken & mushroom Hotpot",meal,378.37,16.61,22.42,28.65,5.92,4.39,7.57,0.5332
cmrj2tj7w026fwlwslj28x6bx,"Chicken Alfredo Primavera",meal,1153.86,51.45,56.04,106.71,4.86,4.46,9.25,0.4371
cmrj2tjcp027iwlwsrghc12fx,"Chicken Congee",meal,211.6,12.57,8.8,19.5,4.16,5.94,9.21,0.3743
cmrj2tjf60281wlwskuk9e6s2,"Chicken Couscous",meal,1067.24,30.77,17.94,221.43,1.68,2.88,20.75,0.1513
cmrj2tjhv028mwlwsnor34tyu,"Chicken Enchilada Casserole",meal,888.3,50.64,39.08,85.66,4.4,5.7,9.64,0.3959
cmrj2tjj4028vwlws9748jeze,"Chicken Fajita Mac and Cheese",meal,604.46,44.88,35.99,23.77,5.95,7.42,3.93,0.5359
cmrj2tjmi029kwlwsodnptnow,"Chicken Fried Rice",meal,1214.19,55.54,36.88,163.79,3.04,4.57,13.49,0.2733
cmrj2tjq802adwlwsznumdr9g,"Chicken Ham and Leek Pie",meal,1351.87,58.57,84.3,88.5,6.24,4.33,6.55,0.5612
cmrj2tjul02bcwlwsk8djas2n,"Chicken Handi",meal,1279.16,80.32,82.89,62.99,6.48,6.28,4.92,0.5832
cmrj2tjyj02c9wlws0ntkqzz1,"Chicken in Orange Sauce Recipe (Pollo a la Naranja)",meal,435.2,20.3,31,18.4,7.12,4.66,4.23,0.6411
cmrj2tk1n02cywlwsggpjgeos,"Chicken Mandi",meal,638.57,17.69,20.59,100.68,3.22,2.77,15.77,0.2902
cmrj2tk5v02dtwlws8mrxk1ng,"Chicken Marengo",meal,375.75,23.92,24.81,16.66,6.6,6.36,4.43,0.5942
cmrj2tk7y02e8wlwsd3sudpd8,"Chicken Quinoa Greek Salad",meal,398.87,30.02,22.06,20.2,5.53,7.53,5.07,0.4977
cmrj2tkaz02evwlws246fya47,"Chicken wings with cumin, lemon & garlic",meal,593.87,55.61,38.85,6.5,6.54,9.36,1.1,0.5887
cmrj2tkcp02f8wlws12sdgbsp,"Chicken with saffron, raisins & pine nuts",meal,1285.62,63.41,101.42,29.13,7.89,4.93,2.27,0.71
cmrj2tkf802ftwlwsdg66r0lg,"Chinese Orange Chicken",meal,1752.03,50.92,133.48,83.09,7.62,2.91,4.74,0.6857
cmrj2tkkd02gywlwsd0begnva,"Creamy Mustard Chicken",meal,873.04,41.11,71.97,15,8.24,4.71,1.72,0.7419
cmrj2tknd02hnwlwst9ly77ya,"Crock Pot Chicken Baked Tacos",meal,1399.38,87.31,78.03,90.25,5.58,6.24,6.45,0.5018
cmrj2tkr202igwlwsmk8lgohs,"French Onion Chicken with Roasted Carrots & Mashed Potatoes",meal,1079.88,36.98,60.68,103.01,5.62,3.42,9.54,0.5057
cmrj2tku402j5wlws1zhfqftr,"Honey Balsamic Chicken with Crispy Broccoli & Potatoes",meal,474.46,25.61,12.54,65.57,2.64,5.4,13.82,0.2379
cmrj2tkwo02jqwlwsbk01c600,"Jamaican Curry Chicken Recipe",meal,757.17,67.74,37.35,43.44,4.93,8.95,5.74,0.4439
cmrj2tl0602kjwlwsrca62adg,"Jerk chicken with rice & peas",meal,1633.33,128.44,69.55,126.42,4.26,7.86,7.74,0.3832
cmrj2tl5702lowlwsp6urvk4r,"kabse",meal,448.45,23.71,16,52.15,3.57,5.29,11.63,0.3211
cmrj2tl8h02mdwlwsa7eiff1h,"Kentucky Fried Chicken",meal,704.63,11.87,55.05,43.58,7.81,1.68,6.19,0.7031
cmrj2tlcd02ncwlwsrd924tpf,"Kung Pao Chicken",meal,604.95,33.18,37.32,37.35,6.17,5.48,6.17,0.5552
cmrj2tlfh02o3wlwstiztsyvf,"Nom Banh Chok – Cambodian Noodle Soup",meal,407.52,35.36,19.93,22.19,4.89,8.68,5.45,0.4401
cmrj2tlia02oswlwsvtozmnh5,"Nutty Chicken Curry",meal,1083.4,75.5,73.19,41.61,6.76,6.97,3.84,0.608
cmrj2tlko02pbwlwsja3ems5q,"Pad See Ew",meal,217.8,11.2,14.8,10.9,6.8,5.14,5,0.6116
cmrj2tlnp02q0wlws8057l21f,"Pastel de Choclo",meal,734.6,47.3,33.1,71.1,4.51,6.44,9.68,0.4055
cmrj2tlrj02qxwlws7c0t2do4,"Piri-piri chicken and slaw",meal,958.51,73.36,65.42,16.7,6.83,7.65,1.74,0.6143
cmrj2tlw102rwwlwsz0fyjwlr,"Pollo en pepitoria",meal,1451.24,97.14,83.15,95.87,5.73,6.69,6.61,0.5157
cmrj2tm2n02tgwlws321liodh,"Poulet Roti a l'Algerienne (Algerian Roast Chicken)",meal,231.3,5.4,21.1,5.1,9.12,2.33,2.2,0.821
cmrj2tm5a02u1wlwsy7d5gmx7,"Red curry chicken kebabs",meal,158.91,21.1,4,9.46,2.52,13.28,5.95,0.2266
cmrj2tm7802ugwlwss66ckgdx,"Roasted chicken with creamy walnut sauce",meal,1367.26,91.37,67.63,98.2,4.95,6.68,7.18,0.4452
cmrj2tmai02v5wlws98ceefed,"Rosol (Polish Chicken Soup)",meal,399.21,26.49,20.74,32.01,5.19,6.64,8.02,0.4675
cmrj2tmdt02vwwlws5yawf66s,"Samlar Kari – Khmer Red Curry",meal,387.39,33.37,20.06,17.98,5.18,8.61,4.64,0.4661
cmrj2tmhc02wpwlwsndzifnoh,"Samlar Machu Kreung – Cambodian Sour Stew",meal,368.72,32.81,16.82,21.99,4.56,8.9,5.96,0.4106
cmrj2tmm402xewlws75ifvium,"Shawarma",meal,1102.5,86.67,40.82,93.02,3.7,7.86,8.44,0.3332
cmrj2tmq402y9wlwsqahfcq5y,"Smoky chicken skewers",meal,560.05,54.64,35.72,1.76,6.38,9.76,0.31,0.574
cmrj2tmuv02zbwlws3pg3b96r,"Spanish Chicken",meal,608.04,69.41,32.53,6.12,5.35,11.42,1.01,0.4814
cmrj2tmwt02zqwlwsjjxlmhp7,"Spanish chicken pie",meal,513.92,29.83,20.99,53.77,4.08,5.8,10.46,0.3675
cmrj2tmze0309wlwsxxzmph6y,"Spiced smoky barbecued chicken",meal,1191.29,110.12,60.96,62.77,5.12,9.24,5.27,0.4606
cmrj2tn25030wwlwsfnl5g7ks,"Sticky Chicken",meal,282.3,6,26,7.1,9.21,2.13,2.52,0.8289
cmrj2tn3r0319wlws0x51bg5s,"Stir-fried chicken with chillies & basil",meal,441.98,27.22,24.24,28.01,5.48,6.16,6.34,0.4935
cmrj2tn5z031swlwsxtse2sqz,"Sweet and Sour Chicken",meal,412.89,31.36,17.07,32.48,4.13,7.59,7.87,0.372
cmrj2tn90032jwlwsuv3efjkb,"Tajine de Poulet aux Carottes et Patates Douces (Chicken and Sweet Potato Tagine)",meal,405.47,38.21,16.86,25.85,4.16,9.42,6.38,0.3743
cmrj2tndj033kwlwstjdaj027,"Teriyaki Chicken Casserole",meal,743.56,34.87,8.1,133.87,1.09,4.69,18,0.0981
cmrj2tng00343wlws0zn460kj,"Thai chicken cakes with sweet chilli sauce",meal,611.26,21.35,52.65,13.29,8.61,3.49,2.17,0.7752
cmrj2tnj0034qwlws12zoyrei,"Thai drumsticks",meal,76.2,3,1,15.2,1.31,3.94,19.95,0.1181
cmrj2tnkr0353wlwsbwtxora8,"Thai green chicken soup",meal,935.03,44.9,68.55,37.78,7.33,4.8,4.04,0.6598
cmrj2tno3035wwlws9n8vljer,"Tom kha gai",meal,694.52,50.04,31.44,53.75,4.53,7.2,7.74,0.4074
cmrj2tnr8036nwlwsphk98fb9,"Venezuelan Coconut Chicken",meal,667.24,28.95,31.25,90.53,4.68,4.34,13.57,0.4216
cmrj2tnuq037gwlws005ercqw,"Vietnamese chicken salad",meal,240.41,23.38,8.78,17.43,3.65,9.72,7.25,0.3285
cmrj2to0o038swlwsqcl0kfzn,"Alfajores",meal,627.07,7.88,33.73,74.37,5.38,1.26,11.86,0.4841
cmrj2to4p039owlwsj6cqm0ks,"Apam balik",meal,904.2,25.41,17.2,163.05,1.9,2.81,18.03,0.1712
cmrj2to7403a7wlws8bk4awjq,"Apple & Blackberry Crumble",meal,310.41,5.18,14.1,41.6,4.54,1.67,13.4,0.4087
cmrj2to9p03aqwlwsksywsl6y,"Apple cake",meal,544.8,14.26,9.64,99.73,1.77,2.62,18.31,0.1593
cmrj2toc603b9wlwss2z3v26s,"Arnhemse meisjes",meal,144.09,2.58,8.43,16.25,5.85,1.79,11.28,0.5268
cmrj2tods03bkwlwsj47bu5xy,"Arra të Mbushura me Fik Walnut Stuffed Figs (with Fig Syrup)",meal,394.1,8,32.8,23.9,8.32,2.03,6.06,0.749
cmrj2tof403btwlwsm3c6y28s,"Arroz con Leche Recipe",meal,431.27,9.11,11.04,72.94,2.56,2.11,16.91,0.2303
cmrj2tohh03ccwlwsqtno35wa,"Authentic Laos Tapioca Pudding with Bananas",meal,129.42,0.99,3.84,24.16,2.96,0.76,18.67,0.2668
cmrj2toli03d6wlws2mjxfeeo,"Baghlaw-e-Khanagi",meal,609.93,13.49,17.73,100.07,2.91,2.21,16.41,0.2616
cmrj2tonu03dpwlwsmcxvf6e1,"Banana den Forno",meal,168.68,0.74,0.31,40.69,0.18,0.44,24.12,0.0163
cmrj2topb03e0wlwsd9g6lmnq,"Banana Pancakes",meal,67.43,2.18,4.08,6,6.05,3.23,8.89,0.5444
cmrj2tor403efwlws2wjch1xw,"BeaverTails",meal,847.36,6.87,75.59,38.61,8.92,0.81,4.56,0.8029
cmrj2tou803f4wlwsomeplmew,"Beetroot pancakes",meal,280.48,10.3,7.56,42.54,2.7,3.67,15.17,0.2426
cmrj2tox603frwlwszc4x2a3p,"Blackberry Fool",meal,562.7,5.68,35.33,57.86,6.28,1.01,10.28,0.5651
cmrj2tp0a03giwlwse2w5juov,"Blueberry & lemon friands",meal,241.5,4.87,15.82,22.12,6.55,2.02,9.16,0.5895
cmrj2tp2c03gxwlwsrst2lnb9,"Boterkoek (Dutch Butter Cake)",meal,533.69,6.65,26.26,68.65,4.92,1.25,12.86,0.4429
cmrj2tp4h03hcwlwsklc0smlr,"Brazilian carrot cake",meal,666.57,6.55,31.72,88.86,4.76,0.98,13.33,0.4283
cmrj2tp6u03hvwlwsaemxuoxj,"Brazilian chocolate truffles - brigadeiro",meal,326.12,7.09,19.21,33.96,5.89,2.18,10.41,0.5302
cmrj2tp8x03iawlwsqql4872g,"Breadfruit in Butter Sauce Recipe",meal,164.74,1.29,14.68,8.48,8.91,0.78,5.15,0.802
cmrj2tpcj03j3wlwsijopviop,"Budino Di Ricotta",meal,335.14,8.46,9.44,51.17,2.82,2.52,15.27,0.2534
cmrj2tphm03k7wlwsknvdu89i,"Cambodian Waffles (Num Poum)",meal,148.7,2.9,2,30,1.34,1.95,20.17,0.121
cmrj2tpje03kkwlwsmrxa66gb,"Canadian Butter Tarts",meal,412.3,5.9,19.3,55.6,4.68,1.43,13.49,0.4213
cmrj2tplh03l1wlws5gyl68vz,"Caribbean Tamarind balls",meal,338.1,0,0.1,89.5,0.03,0,26.47,0.0027
cmrj2tpm903l6wlwsupbaxsio,"Cashew Ghoriba Biscuits",meal,378.81,10.05,22.03,39.37,5.82,2.65,10.39,0.5234
cmrj2tpo103ljwlwsdo7my366,"Cassava Cake",meal,413.76,1.75,1.41,100.55,0.34,0.42,24.3,0.0306
cmrj2tppq03lwwlwsajfm5mzh,"Chelsea Buns",meal,426.96,7.41,9.68,79.74,2.27,1.74,18.68,0.2041
cmrj2tpt803mnwlwszfrregaq,"Chinon Apple Tarts",meal,590.2,12.28,25.3,85.17,4.29,2.08,14.43,0.3858
cmrj2tpv703n2wlwszvmm7frh,"Choc Chip Pecan Pie",meal,1206.81,14.3,74.13,130.05,6.14,1.18,10.78,0.5529
cmrj2tq1c03oiwlws9teuz86r,"Chocolate Avocado Mousse",meal,118.39,1.18,2.37,27.15,2,0.99,22.93,0.1801
cmrj2tq3e03ozwlwsgpkyrtby,"Chocolate Caramel Crispy",meal,647.6,8.2,39.4,70.3,6.08,1.27,10.86,0.5476
cmrj2tq4l03p8wlwsgw9o1csn,"Chocolate churros with chocolate & salted caramel sauce",meal,646.65,6.25,40.19,66.25,6.22,0.97,10.24,0.5594
cmrj2tq8003pzwlws31idz3et,"Chocolate Coconut Squares",meal,434.89,5.81,23.66,51.39,5.44,1.34,11.82,0.4896
cmrj2tqar03qmwlws66dcu32f,"Chocolate empanadas",meal,449.37,9.15,21.75,57.41,4.84,2.04,12.78,0.4356
cmrj2tqd803r7wlwskjg28mgr,"Chocolate Gateau",meal,472.46,9.68,23.18,57.26,4.91,2.05,12.12,0.4415
cmrj2tqeu03rkwlws3ibr5m1y,"Chocolate Raspberry Brownies",meal,746.84,9.2,40.69,92.17,5.45,1.23,12.34,0.4904
cmrj2tqgz03s1wlwsbw132ygi,"Chocolate Souffle",meal,473.75,11.65,26.31,47.49,5.55,2.46,10.03,0.4998
cmrj2tqk003sqwlwsg715si4u,"Christmas Pudding Flapjack",meal,666.6,8.4,29.8,96.5,4.47,1.26,14.48,0.4023
cmrj2tqlp03t3wlwsmwcak38b,"Churros",meal,1541.62,8.03,136.17,71.48,8.83,0.52,4.64,0.795
cmrj2tqp103tuwlwsx5hrbmwc,"Cinnamon buns",meal,534.56,9.3,21.46,76.86,4.02,1.74,14.38,0.3614
cmrj2tqsa03unwlwsigp2nxch,"Cinnamon Roll Cookies",meal,343.23,4.42,19.31,39.13,5.63,1.29,11.4,0.5064
cmrj2tqu703v2wlwsc8aoy4oy,"Coconut Natilla Recipe",meal,376.43,7.41,12.73,58.91,3.38,1.97,15.65,0.3043
cmrj2tqxg03vrwlws0hsnpre3,"Coconut quindim",meal,332.48,10.38,24.56,17.25,7.39,3.12,5.19,0.6649
cmrj2tqze03w4wlwsql3hlv9u,"Cornes de Gazelle (Gazelle Horns)",meal,592.55,13.23,38.49,52.9,6.49,2.23,8.93,0.5845
cmrj2tr2q03wvwlwscotf81i4,"Crema Catalana",meal,407.89,9.53,22.69,42.03,5.56,2.34,10.31,0.5007
cmrj2tr8p03y6wlwso36ri1c4,"Dundee cake",meal,749.14,13.44,33.89,105.74,4.52,1.79,14.11,0.4071
cmrj2trc603yzwlwssk37utfg,"Dutch Apple Pie",meal,819.31,16.8,33.59,115.02,4.1,2.05,14.04,0.3689
cmrj2trek03ziwlws8ocfe4fx,"Dutch doughnuts",meal,283.08,9.18,3.08,54.79,1.09,3.24,19.35,0.098
cmrj2trg103ztwlwsbm24cite,"Dutch Spiced Breakfast Cake (Ontbijtkoek)",meal,450.7,4.17,1.52,105.6,0.34,0.93,23.43,0.0303
cmrj2tri7040awlwskuzbs4ws,"Dutch stroopwafel",meal,423.89,4.86,21.5,54.21,5.07,1.15,12.79,0.4565
cmrj2trl2040xwlwsals6xgo3,"Dziriat (Algerian Almond Tarts)",meal,944.19,23.4,52.53,103.04,5.56,2.48,10.91,0.5007
cmrj2trpq0420wlwsxh4th4vo,"Eccles Cakes",meal,595.17,6.98,29.29,80.08,4.92,1.17,13.45,0.4429
cmrj2trt2042rwlwsl8y0ujqo,"Ensaimada",meal,510.28,12.55,15.6,79.89,3.06,2.46,15.66,0.2751
cmrj2trum0434wlwsowhvddjt,"Eton Mess",meal,354.2,2.26,27.89,25.03,7.87,0.64,7.07,0.7087
cmrj2trw4043fwlws9fpo9zau,"Figgy Duff",meal,319.37,5.45,0.96,74.99,0.3,1.71,23.48,0.0272
cmrj2tryo0440wlwsbmixg1k0,"Flan",meal,198.37,6.97,9.32,21.26,4.7,3.51,10.72,0.4231
cmrj2ts0n044fwlwsabklkl8q,"Flapper Pie",meal,419.64,10.94,10.84,68.95,2.58,2.61,16.43,0.2324
cmrj2ts450456wlwsrxwqkboh,"Gevulde speculaas",meal,586.36,12.56,28.83,71.72,4.92,2.14,12.23,0.4425
cmrj2ts6q045rwlws9yro0gbj,"Grape Nut Ice Cream",meal,284.6,3.7,22.1,19.8,7.77,1.3,6.96,0.6989
cmrj2ts7x0460wlws1s0mc0e7,"Hot Chocolate Fudge",meal,530.8,8,26.3,72.5,4.95,1.51,13.66,0.4459
cmrj2tsd30472wlwsdkwhl0ua,"Jam Roly-Poly",meal,269.33,4.54,12.35,34.19,4.58,1.69,12.7,0.4125
cmrj2tsev047hwlws9m44d8m6,"Jamaican Banana Fritters",meal,228.83,2.21,12.92,27.42,5.65,0.97,11.98,0.5083
cmrj2tsgu047ywlws8mfa0xhp,"Jamaican Spice Bun Recipe",meal,457.77,7.05,7.61,91.51,1.66,1.54,19.99,0.1495
cmrj2tskw048vwlws6c979ts2,"Jamaican Sweet Potato Pudding",meal,297.37,4.27,2.36,68.78,0.79,1.43,23.13,0.0714
cmrj2tsok049qwlws58tr2vl3,"Key Lime Pie",meal,717.23,10.76,49.19,60.63,6.86,1.5,8.45,0.6173
cmrj2tsql04a7wlwstnl3x9li,"Krispy Kreme Donut",meal,1175.79,9.34,69.1,115.3,5.88,0.79,9.81,0.529
cmrj2tsuf04b0wlws4km0tg21,"Kurabie Butter Cookies",meal,518.13,18,4.45,101.02,0.86,3.47,19.5,0.0772
cmrj2tswt04bjwlws0llt6448,"Kvæfjord Cake “Verdens Beste” (World’s Best Cake)",meal,970.15,19.47,50.69,112.93,5.22,2.01,11.64,0.4702
cmrj2tt0w04cgwlws0lieixmo,"Lamingtons",meal,1266.18,11.28,69.9,157.73,5.52,0.89,12.46,0.4969
cmrj2tt4c04d9wlws5ip65b66,"Laos Plantain Coconut Bake (Flourless Muffin)",meal,289.3,1.2,9.4,51.2,3.25,0.41,17.7,0.2924
cmrj2tt5a04dgwlws7zwew833,"Leche Asada",meal,164.28,7.22,6.57,19.3,4,4.4,11.75,0.36
cmrj2tt8z04drwlws6tnzlj6j,"Madeira Cake",meal,388.41,5.99,20.03,46.39,5.16,1.54,11.94,0.4642
cmrj2ttaz04e6wlwsunvgcp90,"Magwinya: Doughnut Bites from Botswana",meal,699.72,4.32,55.96,44.82,8,0.62,6.41,0.7198
cmrj2ttd604enwlwspik9q33n,"Mamoul (Eid biscuits)",meal,512.56,7.74,29.5,55,5.76,1.51,10.73,0.518
cmrj2ttg204f9wlwswcie143u,"Mazariner – Scandinavian Almond Tartlets",meal,1033.39,19.62,51.5,128.57,4.98,1.9,12.44,0.4486
cmrj2ttjg04g2wlws423j4jxe,"Mini bundt cakes",meal,312.9,5.13,17.5,34.37,5.59,1.64,10.98,0.5034
cmrj2ttlg04gjwlws0alhw5e3,"New York cheesecake",meal,780.14,11.37,62.38,46.21,8,1.46,5.92,0.7196
cmrj2ttos04h8wlwsk0bezz5l,"No-Churn Rum Raisin Ice Cream",meal,855.63,15.68,36.64,115.89,4.28,1.83,13.54,0.3854
cmrj2ttra04hrwlwssq8mm45k,"Norwegian Krumkake",meal,310.64,4.71,17.5,34.22,5.63,1.52,11.02,0.507
cmrj2tttg04i8wlwsw18p7uhe,"Pancakes",meal,263.54,4.39,15.26,27.5,5.79,1.67,10.44,0.521
cmrj2ttvg04inwlwsilkxsq11,"Parkin Cake",meal,483.98,6.34,22.05,68.01,4.56,1.31,14.05,0.41
cmrj2ttxn04j6wlws4uiul1q4,"Passion fruit mousse",meal,297.73,8.52,4.53,56.8,1.52,2.86,19.08,0.1369
cmrj2ttzb04jjwlwsmvic1tlt,"Peach & Blueberry Grunt",meal,444.9,6.92,15.44,71.27,3.47,1.56,16.02,0.3124
cmrj2tu2804k6wlwsgbq6sd9o,"Peanut Butter Cheesecake",meal,1550.8,33.7,68.5,263.8,4.42,2.17,17.01,0.3975
cmrj2tu4v04krwlwsrezbkn41,"Piernik (Polish gingerbread)",meal,747.06,9.08,35.98,100.26,4.82,1.22,13.42,0.4335
cmrj2tu8b04lkwlws9hpdtjpq,"Polish chocolate & walnut cake",meal,708.84,17.59,35.53,84.91,5.01,2.48,11.98,0.4511
cmrj2tub404m7wlwstxzynhok,"Polish doughnuts (Pączki)",meal,751.88,17.1,43.3,74.69,5.76,2.27,9.93,0.5183
cmrj2tuf704n8wlwsbb0wf7fm,"Polskie Nalesniki (Polish Pancakes)",meal,134.03,4.31,6.74,14.16,5.03,3.21,10.57,0.4529
cmrj2tujv04ocwlwsnwbd1bzz,"Postre Chajá",meal,583.9,9.56,29.08,72.04,4.98,1.64,12.34,0.4482
cmrj2tund04p5wlws3p1l8tqz,"Pouding chomeur",meal,823.25,12.15,25.59,139.39,3.11,1.48,16.93,0.2798
cmrj2tuqc04pswlwsvaxptg1h,"Pumpkin Pie",meal,410.31,7.04,12.92,68.04,3.15,1.72,16.58,0.2835
cmrj2tut104qfwlwslivthnnz,"Raspberry mousse",meal,530.45,10.16,22.54,96.73,4.25,1.92,18.24,0.3824
cmrj2tuuf04qqwlws06vrb4i5,"Rock Cakes",meal,317.45,4.2,13.7,45.32,4.32,1.32,14.28,0.3885
cmrj2tuwe04r7wlwsqkoi036g,"Rocky Road Fudge",meal,596.9,12,37.9,63.6,6.35,2.01,10.66,0.5715
cmrj2tuxq04riwlws5bgurt23,"Rogaliki (Polish Croissant Cookies)",meal,569.57,10.14,38.41,47.22,6.74,1.78,8.29,0.6069
cmrj2tuza04rvwlwsh91g5jh4,"Salted Caramel Cheescake",meal,878.75,10.25,62.4,71.16,7.1,1.17,8.1,0.639
cmrj2tv2704skwlwsnbqs28ev,"Saskatoon Pie",meal,1211.65,25.48,54.5,161.6,4.5,2.1,13.34,0.4048
cmrj2tv5l04tdwlwskn5u8ah4,"Seri muka kuih",meal,404.5,7,6.93,77.63,1.71,1.73,19.19,0.1542
cmrj2tvaf04ufwlws6msz36b0,"Spotted Dick",meal,381.17,5.56,16.17,54.93,4.24,1.46,14.41,0.3819
cmrj2tvk904wmwlwsg753dnzd,"Strawberries Romanoff",meal,144.35,1.69,8.33,16.76,5.77,1.17,11.61,0.5197
cmrj2tvlg04wxwlwsyqn2f1q1,"Strawberry Rhubarb Pie",meal,570.84,6.08,27.04,77.97,4.74,1.06,13.66,0.4263
cmrj2tvor04xqwlwsmdeswntb,"Sugar Pie",meal,391.39,4.59,13.01,65.97,3.33,1.17,16.86,0.2993
cmrj2tvql04y5wlwst471vwev,"Suksessterte (Norwegian almond “success cake”)",meal,726.48,17.98,44.79,68.25,6.17,2.47,9.4,0.5549
cmrj2tvt404yqwlwseb5f05h0,"Šúĺlance s Makom",meal,486.31,10.96,18.69,71.16,3.84,2.25,14.63,0.3459
cmrj2tvuy04z5wlws14f9crun,"Summer Pudding",meal,221.41,3.85,1.25,50.36,0.56,1.74,22.75,0.0508
cmrj2tvwu04ziwlwscrm1en51,"Tall Skoleboller",meal,1212.16,11.28,70.69,138.84,5.83,0.93,11.45,0.5249
cmrj2tw0u050dwlws88qxazsn,"Tarte Tatin",meal,777.52,14.66,37.39,96.88,4.81,1.89,12.46,0.4328
cmrj2tw2l050qwlws0wnhm0p9,"Timbits",meal,321.66,4.59,19.11,33.68,5.94,1.43,10.47,0.5346
cmrj2tw8i0522wlws8hwgqat7,"Tunisian Orange Cake",meal,401.8,7.11,11.55,67.01,2.87,1.77,16.68,0.2587
cmrj2twae052hwlwsbfzlw6a0,"Vanilla alfajores",meal,484.63,6.31,19.33,71.26,3.99,1.3,14.7,0.359
cmrj2twgb053xwlwsbolyc4pp,"Walnut, date & honey cake",meal,450.65,6.08,23.37,57.14,5.19,1.35,12.68,0.4668
cmrj2twim054gwlws2lkf4dtg,"White chocolate creme brulee",meal,575.66,7.92,48.52,26.36,8.43,1.38,4.58,0.7586
cmrj2twk4054twlwssv0bfew9,"Zeeuwse bolussen",meal,452.54,7.91,10.04,84.75,2.22,1.75,18.73,0.1996
cmrj2twn0055gwlwshb3y6i3d,"Chilli ginger lamb chops",meal,852.51,31.7,77.86,7.28,9.13,3.72,0.85,0.822
cmrj2twow055vwlws2m6xj8rm,"Fårikål (Norwegian National Dish)",meal,735.73,70.49,46.77,8.4,6.36,9.58,1.14,0.5721
cmrj2twqh0568wlws5uyixrjk,"Hot cumin lamb wrap with crunchy slaw & spicy mayo",meal,579.72,29.65,20.73,68.5,3.58,5.11,11.82,0.3219
cmrj2twt8056vwlws810etonw,"Imam bayildi with BBQ lamb & tzatziki",meal,1092.49,56.06,86.91,26.8,7.96,5.13,2.45,0.716
cmrj2twwk057mwlwsofuom8hh,"Kapsalon",meal,699.04,36.46,56.66,16.64,8.11,5.22,2.38,0.7295
cmrj2twyp0583wlwsy0beq3p7,"Kelem dolmasi",meal,581.91,37.76,37.03,22.8,6.36,6.49,3.92,0.5727
cmrj2tx2k058wwlwsds8g2gmc,"Keleya Zaara",meal,531.5,38.91,39.95,5.17,7.52,7.32,0.97,0.6765
cmrj2tx4t059dwlwsq2m2igyb,"kofta burgers",meal,1197.21,76.05,37.07,138.86,3.1,6.35,11.6,0.2786
cmrj2tx7m05a0wlws6me531x8,"Lamb and Lemon Souvlaki",meal,584.99,37.49,41.19,16.11,7.04,6.41,2.75,0.6337
cmrj2tx9j05afwlwsh1erfyyp,"Lamb and Potato pie",meal,1507.28,59.75,60.03,185,3.98,3.96,12.27,0.3584
cmrj2txbt05aywlwsf0y4dva0,"Lamb Pilaf (Plov)",meal,730.57,33.56,22.13,98.43,3.03,4.59,13.47,0.2726
cmrj2txel05blwlwsvrqkfuj7,"Lamb Rogan josh",meal,751.46,27.82,29.19,122,3.89,3.7,16.23,0.3497
cmrj2txi605cewlwshnu4nbi6,"Lamb Tagine",meal,965.99,30.02,70.4,59.56,7.29,3.11,6.17,0.6559
cmrj2txlz05d9wlws8ykjagot,"Lamb Tzatziki Burgers",meal,1072.61,41.06,76.52,53.26,7.13,3.83,4.97,0.642
cmrj2txot05dwwlwsaxuvh5le,"Lancashire hotpot",meal,1110.29,70.47,56.2,94.54,5.06,6.35,8.52,0.4555
cmrj2txrn05ehwlws0ep583db,"Leg of Lamb Armenian-Style",meal,432.9,9.62,31.39,27.49,7.25,2.22,6.35,0.6525
cmrj2txul05f2wlwsxk6wpt74,"Mastawa Lamb and Rice",meal,1202.75,68.99,70.19,75.96,5.84,5.74,6.32,0.5252
cmrj2txxm05frwlwsyssj6exr,"McSinghs Scotch pie",meal,1486.93,75.17,95.8,77.48,6.44,5.06,5.21,0.5798
cmrj2ty1i05gowlws6381m55m,"Presh me Oriz Leek and Rice Bake",meal,1085.51,81.92,56.37,61.02,5.19,7.55,5.62,0.4674
cmrj2ty3e05h5wlwspy29asni,"Slow-roast lamb with cinnamon, fennel & citrus",meal,236.71,5.95,18.3,14.08,7.73,2.51,5.95,0.6958
cmrj2ty5h05hmwlwsvdv1k6qq,"Stuffed Lamb Tomatoes",meal,343.58,14.71,20.91,25.71,6.09,4.28,7.48,0.5477
cmrj2ty8v05idwlwsn0otlasj,"Tavë Kosi Baked Lamb and Yogurt",meal,779.37,61.31,47.71,25.98,6.12,7.87,3.33,0.551
cmrj2tycn05j8wlwsoxakfn98,"Tunisian Lamb Soup",meal,736.58,49.99,38.5,48.27,5.23,6.79,6.55,0.4704
cmrj2tyfv05jzwlwsph427u6r,"Turkish lamb pilau",meal,1370.41,48.52,31.92,244.05,2.33,3.54,17.81,0.2096
cmrj2tyi005kiwlwsiqwyrqwe,"Turkish-style lamb",meal,581.19,34.09,18.42,69.63,3.17,5.87,11.98,0.2852
cmrj2tyk505l1wlwsnyxhfnyj,"Vietnamese lamb shanks with sweet potatoes",meal,1195.13,93.98,63.31,83.81,5.3,7.86,7.01,0.4767
cmrj2tyok05m2wlwst1uh8vwt,"Achiote Oil (Aceite Achiotado) Recipe",meal,996.8,0.5,109.2,3,10.96,0.05,0.3,0.986
cmrj2typc05m7wlwsqa6gdqwk,"Ají de Aguacate Recipe (Colombian Spicy Avocado Sauce)",meal,129.59,3.91,8.69,11.84,6.71,3.02,9.13,0.6037
cmrj2tyrp05mqwlwsnzlpw20u,"Bolita di Keshi",meal,819.2,44.1,64.1,16.4,7.82,5.38,2,0.7042
cmrj2tyvo05nkwlwsa6fqlezl,"Chakchouka ",meal,179.25,8.26,12.2,10.15,6.81,4.61,5.67,0.6128
cmrj2tyyl05o7wlwshgqgnw1e,"Clear Soup with Semolina Dumplings",meal,287.1,11.27,15.37,26.63,5.35,3.92,9.28,0.4819
cmrj2tz0q05oowlwsip3w8e0p,"Duck Confit",meal,250.16,27.46,11.56,3.55,4.62,10.98,1.42,0.416
cmrj2tz2d05p1wlws7scmuld9,"French Lentils With Garlic and Thyme",meal,169.92,3.72,11.46,15.05,6.75,2.19,8.85,0.6072
cmrj2tz4r05pkwlwsrqg7qtgt,"French Omelette",meal,368.15,26.37,16.6,40.69,4.51,7.16,11.05,0.4057
cmrj2tz6n05pzwlwsv603poz8,"Frog Legs Recipe in Garlic Butter",meal,250.68,18.36,15.46,9.3,6.17,7.33,3.71,0.5549
cmrj2tzbn05r3wlwstzd6frs0,"Madombi: Dumplings from Botswana",meal,357.78,11.01,1.54,75.34,0.43,3.08,21.06,0.0388
cmrj2tzd105rewlwseisstowa,"Muraba-E-Kadu (Pumpkin Jam)",meal,981,6.4,2.1,242.8,0.21,0.65,24.75,0.0193
cmrj2tzed05rnwlwsh27gw3ws,"Osso Buco alla Milanese",meal,880.38,22.16,48.57,84.3,5.52,2.52,9.58,0.4965
cmrj2tziv05sowlwsjrve0pwu,"Papas Chorreadas Recipe (Potatoes with Cream and Cheese Sauce)",meal,682.71,18.72,27.78,94.23,4.07,2.74,13.8,0.3662
cmrj2tzmb05thwlwsh94gt020,"Pizza Express Margherita",meal,302.95,11.39,5.82,52.6,1.92,3.76,17.36,0.1729
cmrj2tzp305u4wlwsafjl7fy2,"Porotos Granados (Chilean Bean Stew)",meal,656.8,35.7,11.4,110.5,1.74,5.44,16.82,0.1562
cmrj2tzrg05unwlwsnk7pm0ng,"Poutine",meal,306.24,13.43,7.38,47.48,2.41,4.39,15.51,0.2169
cmrj2tzv205vhwlwsvm53hvuk,"Ramen Noodles with Boiled Egg",meal,59.62,2.87,1.41,9.44,2.37,4.81,15.83,0.2135
cmrj2tzxe05vywlws6oaf5nlj,"Shakshouka",meal,209.63,8.8,14.26,12.87,6.8,4.2,6.14,0.6122
cmrj2tzz605wbwlwsx0pparce,"Shakshuka Feta Cheese",meal,167.36,9.73,12.46,4.18,7.44,5.81,2.5,0.6698
cmrj2u02705x0wlwsok2z8xl3,"Syrian Bread",meal,799.05,10.69,51.48,73.48,6.44,1.34,9.2,0.5798
cmrj2u03y05xdwlws49x7z2r4,"Syrian Rice with Meat",meal,1319.55,75.07,72.46,87.79,5.49,5.69,6.65,0.4942
cmrj2u06g05xywlws3goct561,"Three-cheese souffles",meal,1006.04,40.96,70.47,63.54,7,4.07,6.32,0.6304
cmrj2u09h05ynwlwsp240rarf,"Turkish rice (vermicelli rice)",meal,532.26,9.26,18.65,79.78,3.5,1.74,14.99,0.3153
cmrj2u0ar05yywlwspzcfx4in,"Yorkshire Puddings",meal,242.43,11.77,8.23,29.89,3.39,4.86,12.33,0.3054
cmrj2u0bv05z7wlwsc80xf3fy,"Grilled Mac and Cheese Sandwich",meal,1793.21,70.13,132.25,82.33,7.37,3.91,4.59,0.6637
cmrj2u0mh061kwlws6xosgr1y,"Macaroni Pudding",meal,1325.1,28.1,38.8,217.3,2.93,2.12,16.4,0.2635
cmrj2u0p20625wlwsv8us3bts,"Pilchard puttanesca",meal,725.12,40.24,52.49,22.02,7.24,5.55,3.04,0.6515
cmrj2u0sx0631wlwsx84zyil7,"Syrian Spaghetti",meal,351.56,10.38,23.67,25.44,6.73,2.95,7.24,0.6058
cmrj2u0uw063gwlwswcasv806,"Venetian Duck Ragu",meal,1496.32,63.34,55.3,187.27,3.7,4.23,12.52,0.3326
cmrj2u16r065jwlws13g3uyfx,"Bai Sach Chrouk – Grilled Pork with Rice",meal,672.05,46.85,13.97,87.99,2.08,6.97,13.09,0.1871
cmrj2u1c8066twlwsh1hj9r9q,"BBQ Pork Sloppy Joes",meal,984.38,42.72,42.4,111.47,4.31,4.34,11.32,0.3877
cmrj2u1sc06agwlwsvxdl34oa,"Cambodian Stir-fried Morning Glory with Pork, Fermented Soybeans, and Garlic",meal,444.73,12.46,34.67,22,7.79,2.8,4.95,0.7015
cmrj2u1xp06bowlws120vmcyp,"Chilean Empanada",meal,1687.16,59.2,90.94,163.98,5.39,3.51,9.72,0.4851
cmrj2u27w06dxwlwspgv7jpbx,"Chuletas de Cerdo a la Criolla (Pork Chops in Creole Sauce)",meal,254.42,25.49,14.05,8.31,5.52,10.02,3.27,0.497
cmrj2u2j406gfwlwsf6rdhhva,"Ham hock colcannon",meal,942.7,45.09,35.69,114.57,3.79,4.78,12.15,0.3407
cmrj2u2lc06gywlws2wtyomxg,"Hot and Sour Soup",meal,183.25,14.25,6.54,17.53,3.57,7.78,9.57,0.3212
cmrj2u2p406htwlwsboypphnp,"Khmer Banh Xeo – Cambodian Savory Pancake",meal,467.5,13.2,30.2,36.6,6.46,2.82,7.83,0.5814
cmrj2u2vz06jdwlwsyslr8sht,"Pork & sauerkraut goulash",meal,943.51,65.91,38.19,108.59,4.05,6.99,11.51,0.3643
cmrj2u2z206k2wlwsty7p0mxu,"Pork rib bortsch",meal,1333.98,53.55,94.21,82.96,7.06,4.01,6.22,0.6356
cmrj2u32q06kxwlwsmmieili0,"Portuguese barbecued pork (Febras assadas)",meal,632.24,19.34,34.59,54.44,5.47,3.06,8.61,0.4924
cmrj2u3bg06muwlwsgac7ps12,"Skillet Apple Pork Chops with Roasted Sweet Potatoes & Zucchini",meal,386.6,20.32,17.98,37.03,4.65,5.26,9.58,0.4185
cmrj2u3e906nfwlwss1w9k9rm,"Slow-cooked, Wadadli-spiced Cubano pork belly",meal,476.15,3.91,42.15,26.7,8.85,0.82,5.61,0.7967
cmrj2u3i806oawlwsrvqxe0y5,"Slow-roasted ham with lemon, garlic & sage",meal,856.37,113.29,28.66,7.24,3.35,13.23,0.85,0.3012
cmrj2u3p306pnwlwsljzil38z,"Sweet and Sour Pork",meal,128.6,15.5,5.6,3.1,4.35,12.05,2.41,0.3919
cmrj2u3ro06q8wlwsx3n5lz0t,"Thai pork & peanut curry",meal,458.82,33.28,18.39,43.32,4.01,7.25,9.44,0.3606
cmrj2u3zz06s3wlwszv1yybmi,"Torta de fiambre",meal,638.02,28.18,45.68,28.65,7.16,4.42,4.49,0.6444
cmrj2u42c06smwlwsqtppatwk,"Tourtiere",meal,832.9,42.09,47.66,59.36,5.72,5.05,7.13,0.515
cmrj2u47606towlws72ce5nxn,"Vietnamese pork salad",meal,470.89,33.72,33.15,10.96,7.04,7.16,2.33,0.6336
cmrj2u4bt06upwlwsx8gd6db5,"Vietnamese-style caramel pork",meal,489.9,26.79,19.74,52.23,4.03,5.47,10.66,0.3627
cmrj2u4eq06vcwlwskqosbmjf,"Wontons",meal,537.89,35.19,36.52,19.8,6.79,6.54,3.68,0.6111
cmrj2u4hl06vzwlws7jc9errn,"Acaraje black-eyed pea fritters with shrimp filling",meal,1205.15,51.37,39.35,166.88,3.27,4.26,13.85,0.2939
cmrj2u4m506x0wlws6o7m0cnl,"Amok Trey – Cambodian Fish Curry",meal,403.09,20.16,22.75,29.93,5.64,5,7.42,0.5079
cmrj2u4pa06xpwlwsxt96x757,"Arroz con gambas y calamar",meal,1182.9,147.2,16.7,106.8,1.41,12.44,9.03,0.1271
cmrj2u4rs06yawlwsf11nf8h7,"Bahia-style Moqueca prawn stew",meal,425.9,29.16,13.99,50.89,3.28,6.85,11.95,0.2956
cmrj2u4v606z1wlwsg5mstirl,"Baked salmon with fennel & tomatoes",meal,283.18,20.56,18.45,10.48,6.51,7.26,3.7,0.5862
cmrj2u4x606zgwlws2jrn8ltv,"Balchi di Pisca",meal,140.73,5.4,1.54,27.26,1.1,3.83,19.37,0.0986
cmrj2u50c0703wlwss0r9duo6,"Bang bang prawn salad",meal,196.26,18.65,6.43,18.89,3.28,9.5,9.63,0.2951
cmrj2u52t070kwlwse9al5fl0,"Bangladeshi fish curry with daikon",meal,279.59,21.07,17,11.69,6.08,7.53,4.18,0.5471
cmrj2u55u0719wlwsrkpa8v8b,"Barramundi with Moroccan spices",meal,216.21,10.09,18.33,3.09,8.48,4.67,1.43,0.7628
cmrj2u589071swlwshgfim8ca,"Camaro Grelhado Com Molho Cru (Grilled Prawns with Green Onion Sauce)",meal,125.4,27.82,0.53,2.46,0.43,22.18,1.96,0.0383
cmrj2u5a70727wlws0g47mw6v,"Cayman-Style Lobster",meal,248.17,33.02,8.72,8.11,3.51,13.31,3.27,0.3161
cmrj2u5g4073hwlwsb72rarcq,"Conch Fritters",meal,1306.5,40.63,31.06,217.09,2.38,3.11,16.62,0.2139
cmrj2u5jv074awlwsr8s6nh68,"Conch Stew",meal,549.19,65.39,13.47,39.91,2.45,11.91,7.27,0.2207
cmrj2u5nm0755wlwsmssp1ckl,"Crispy fried fish with ginger and fermented soybeans (trey chien chuon)",meal,1433.84,22.33,129.97,50.59,9.06,1.56,3.53,0.8158
cmrj2u5py075owlwszgqs41co,"Egg Foo Young",meal,2546.89,145.22,179.25,88.23,7.04,5.7,3.46,0.6334
cmrj2u5ug076nwlwsz0y5hlt5,"Escovitch Fish",meal,628.34,52.38,29.56,42.99,4.7,8.34,6.84,0.4234
cmrj2u5yj077mwlws54pynr6v,"Fish Soup (Ukha)",meal,312.14,17.55,12.06,34.07,3.86,5.62,10.91,0.3478
cmrj2u60u0785wlws5mxsdqni,"Fish Stew with Rouille",meal,627.36,59.07,18.56,59.8,2.96,9.42,9.53,0.2662
cmrj2u6580796wlwsk35moc04,"Fiskesuppe (Creamy Norwegian Fish Soup)",meal,779.83,36.99,36.19,78.42,4.64,4.74,10.06,0.4176
cmrj2u684079vwlwsl0ww1l67,"Fried calamari",meal,822.53,19.66,51,74.84,6.2,2.39,9.1,0.5581
cmrj2u69y07aawlwskbv9kbb2,"Fried Crab",meal,329.22,24.05,22.27,8.3,6.76,7.31,2.52,0.6088
cmrj2u6bh07anwlws4athcnb2,"Gambas al ajillo",meal,479.35,61.37,24.99,5.88,5.21,12.8,1.23,0.4693
cmrj2u6d007aywlws4j0fsmoh,"Garides Saganaki",meal,411.3,33.5,21.8,11.3,5.3,8.14,2.75,0.477
cmrj2u6f107bfwlwsp1jkx0rh,"Garlicky prawns with sherry",meal,213.02,24.95,10.64,4.88,4.99,11.71,2.29,0.4493
cmrj2u6gh07bqwlwsts5g25ki,"Grilled Portuguese sardines",meal,622.17,53.15,36.04,23.68,5.79,8.54,3.81,0.5213
cmrj2u6ia07c5wlwsz8afzi19,"Honey Teriyaki Salmon",meal,334.4,25.5,24.4,1.6,7.3,7.63,0.48,0.6567
cmrj2u6jq07cgwlwscxyfa2lx,"Jamaican Curry Shrimp Recipe",meal,356.42,34.51,10.64,40.64,2.98,9.68,11.4,0.2686
cmrj2u6nu07d9wlwst154urwj,"Kedgeree",meal,718.28,37.76,19.9,105.81,2.77,5.26,14.73,0.2494
cmrj2u6qo07dwwlws2rct0b0b,"Kung Po Prawns",meal,380.67,32.58,11.38,40.87,2.99,8.56,10.74,0.2691
cmrj2u6ti07elwlws791da43r,"Mediterranean Pasta Salad",meal,656.02,37.37,26.27,73.66,4,5.7,11.23,0.3604
cmrj2u6vs07f4wlwsa6gxl5g2,"Mee goreng mamak",meal,473.61,13.92,26.38,48.69,5.57,2.94,10.28,0.5012
cmrj2u6zj07fzwlws5aii9mvy,"Napa Cabbage with Dried Shrimp",meal,117.35,4.78,7.26,9.9,6.19,4.07,8.43,0.5569
cmrj2u72e07gmwlwstca9h5pb,"Nasi lemak",meal,916.56,34.87,33.72,120.58,3.68,3.8,13.16,0.3311
cmrj2u77507hnwlws4me7kx2z,"Noodle bowl salad",meal,296.69,13.09,8.44,43.39,2.85,4.41,14.63,0.2561
cmrj2u7am07iewlwsejpr9ln9,"Pad Thai",meal,372.61,13.11,17.15,48.97,4.6,3.52,13.14,0.4142
cmrj2u7h407jywlwsopwxif03,"Prawn & noodle salad with crispy shallots",meal,503.31,18.69,28.03,45.8,5.57,3.71,9.1,0.5013
cmrj2u7ky07ktwlwsfvrxrm7y,"Prawn stir-fry",meal,510.89,14.19,15.06,88.22,2.95,2.78,17.27,0.2653
cmrj2u7ov07lqwlwsay8ehel9,"Quick salt & pepper squid",meal,192.3,16.18,11.91,4.68,6.19,8.42,2.43,0.5575
cmrj2u7qk07m3wlwsob89hyvv,"Recheado Masala Fish",meal,916.2,30.58,48.04,105.76,5.24,3.34,11.54,0.4719
cmrj2u7u707mwwlwsjmhjexlf,"Salmon Avocado Salad",meal,461.27,25.16,35.14,14.91,7.62,5.45,3.23,0.6856
cmrj2u7wd07ndwlws1guuj24j,"Salmon noodle soup",meal,274.16,19.77,10.47,26.28,3.82,7.21,9.59,0.3436
cmrj2u7yt07nywlwsi21khci3,"Salmon noodle wraps",meal,240.54,18.88,11.23,16.24,4.67,7.85,6.75,0.4202
cmrj2u80q07odwlwsiy6uyvri,"Salt & pepper squid",meal,527.04,20.99,28.63,46.01,5.43,3.98,8.73,0.4888
cmrj2u84807p6wlwsltuavhf7,"Salt cod tortilla",meal,743.87,79.15,25.29,47.57,3.4,10.64,6.39,0.306
cmrj2u86807plwlwspv6x2fih,"Sea bass with sizzled ginger, chilli & spring onions",meal,306.5,30.44,13.65,15.22,4.45,9.93,4.97,0.4008
cmrj2u88a07q0wlws30jjeo04,"Seafood fideuà",meal,1911.14,88.71,132.6,91.31,6.94,4.64,4.78,0.6244
cmrj2u8e307rawlwsmkr05qs8,"Shrimp Chow Fun",meal,262.2,17.27,16.98,11.8,6.48,6.58,4.5,0.5829
cmrj2u8i807s9wlwsulprd9bc,"Shrimp With Snow Peas",meal,280.03,31.79,10.05,17.74,3.59,11.35,6.33,0.323
cmrj2u8lb07sywlws45kaarqr,"Singapore Noodles with Shrimp",meal,547.79,34.62,9.27,86.99,1.69,6.32,15.88,0.1523
cmrj2u8pt07tzwlws9h0lxepi,"Sledz w Oleju (Polish Herrings)",meal,568.47,36.22,45.36,1.81,7.98,6.37,0.32,0.7181
cmrj2u8w707uvwlwslrhhm03q,"Spanish seafood rice",meal,610.54,11.87,29.06,76.76,4.76,1.94,12.57,0.4284
cmrj2u8z307viwlwsmr30mcxr,"Spicy Thai prawn noodles",meal,347.9,35.27,10.23,30.96,2.94,10.14,8.9,0.2648
cmrj2u91y07w5wlwsgzzjla4r,"Spring onion and prawn empanadas",meal,423.94,32.78,9.64,52.2,2.27,7.73,12.31,0.2046
cmrj2u97207x9wlwsczv1mv7p,"Sushi",meal,318.63,6.35,4.95,58.66,1.55,1.99,18.41,0.1398
cmrj2u98w07xowlws455b09xq,"Thai curry noodle soup",meal,153.8,11.23,2.6,22.79,1.69,7.3,14.82,0.1519
cmrj2u9bu07ybwlws3yq8ci2k,"Thai fried rice with prawns & peas",meal,383.46,24.5,13.81,41.73,3.6,6.39,10.88,0.3241
cmrj2u9ev07z0wlwsieww76uk,"Thai prawn curry",meal,360.56,3.36,28.02,26.7,7.77,0.93,7.41,0.6995
cmrj2u9hc07zhwlws6zritzfu,"Thai-style fish broth with greens",meal,185.2,20.8,3.7,17.7,2,11.23,9.56,0.1798
cmrj2u9jy0800wlws68a87nqg,"Thai-style steamed fish",meal,136.47,16.26,3.97,10.35,2.91,11.91,7.58,0.262
cmrj2u9lz080fwlwsrf7ah71a,"Tuna and Egg Briks",meal,720.49,40.81,29.42,77.17,4.08,5.66,10.71,0.3675
cmrj2u9os0812wlws7zpxivsr,"Tuna Nicoise",meal,870.73,36.28,68.73,26.18,7.89,4.17,3.01,0.7104
cmrj2u9ra081lwlws844dgis7,"Vietnamese caramel trout",meal,242.15,14.05,3.79,39.23,1.56,5.8,16.2,0.1407
cmrj2u9tz0824wlws71audlve,"Vietnamese prawn spiralized rolls",meal,1543.66,61.89,53.78,204.67,3.48,4.01,13.26,0.3136
cmrj2u9wz082rwlwsvghu4msv,"Air Fryer Egg Rolls",meal,2399.03,100.43,110.81,251.21,4.62,4.19,10.47,0.4157
cmrj2ua0o083kwlws3nclq0vi,"Algerian Carrots",meal,507.68,4.84,35.4,46.72,6.97,0.95,9.2,0.6276
cmrj2ua3y0847wlws5z2zvgtx,"Almojábanas (Colombian Cheese Bread)",meal,1473.5,70.9,88.8,98.2,6.03,4.81,6.66,0.5424
cmrj2ua8t0859wlwswbphht6z,"Arepa",meal,226.9,5.3,2.3,47.9,1.01,2.34,21.11,0.0912
cmrj2ua9x085gwlws6la18n3d,"Baba Ghanoush",meal,379.58,17.35,29.81,13.04,7.85,4.57,3.44,0.7069
cmrj2uacl0861wlwsq73zkxi3,"Bajan Salt Bread Recipe",meal,1534.74,43.7,19.75,296.89,1.29,2.85,19.34,0.1158
cmrj2uaef086ewlwsvhzoui1w,"Bajan Sweet Bread",meal,2623.76,57.61,89.56,413.65,3.41,2.2,15.77,0.3072
cmrj2uah80871wlwslnzyji8w,"Blini Pancakes",meal,498.39,17.31,19.93,65.72,4,3.47,13.19,0.3599
cmrj2uaj8087gwlwsssnykonm,"Boulangère Potatoes",meal,807.6,20,15.49,155.85,1.92,2.48,19.3,0.1726
cmrj2uakl087rwlws1kub28pz,"Brazilian cheese bread (pão de queijo)",meal,1367.69,25.55,76.01,146.38,5.56,1.87,10.7,0.5002
cmrj2uam90886wlwsrkvcrhbr,"Breadfruit in Butter Sauce",meal,723.48,8.14,58.89,46.64,8.14,1.13,6.45,0.7326
cmrj2uaq0088zwlwstkx3w45w,"Bulgarian Green Salad",meal,251.36,6.38,14.44,27.97,5.75,2.54,11.13,0.5171
cmrj2uasf089iwlwsve1j34w2,"Burek",meal,592.68,22.79,41.93,31.07,7.08,3.85,5.24,0.6368
cmrj2uauc089vwlwsuogmt93e,"Cacik",meal,525.94,41.64,35.02,12.39,6.66,7.92,2.36,0.5992
cmrj2uaxq08alwlws9uanbdzn,"Cheese Borek",meal,3626.74,76.11,224.48,324.83,6.19,2.1,8.96,0.5571
cmrj2uazu08b2wlwsopvn06o7,"Chilean Dobladitas",meal,1466.27,48.49,11.11,293.85,0.76,3.31,20.04,0.0682
cmrj2ub1c08bfwlws7u9b9e38,"Colombian Buñuelos Recipe",meal,1368.3,19.6,87,124,6.36,1.43,9.06,0.5722
cmrj2ub3t08c0wlwsqpb80uv0,"Corba",meal,242.5,11.3,8.14,34.01,3.36,4.66,14.03,0.3021
cmrj2ub7508crwlwsev2i4d3x,"Corn on the cob with lime, green chilli and coconut butter",meal,870.04,16.42,52.01,104.6,5.98,1.89,12.02,0.5381
cmrj2uba708dgwlwssfpkdu9w,"Curried Spinach from Botswana",meal,186.54,3.59,14.59,13.48,7.82,1.92,7.23,0.704
cmrj2ubc308dvwlwsgtzl6r18,"Dolma Japrak Stuffed Vine Leaves",meal,1051.34,68.48,48.29,93.44,4.59,6.51,8.89,0.4133
cmrj2ubf408ekwlws5p5iy5o1,"Fainá",meal,633.51,22.45,33.96,58.12,5.36,3.54,9.17,0.4824
cmrj2ubgk08evwlwszi09nv2e,"Fennel Dauphinoise",meal,920.11,19.62,80.19,33.09,8.72,2.13,3.6,0.7844
cmrj2ubif08fawlws1xwzh7m0,"Feteer Meshaltet",meal,1974.05,28.21,123,193.32,6.23,1.43,9.79,0.5608
cmrj2ubjx08flwlwsixghqvwc,"French Onion Soup",meal,1182.66,46.79,52.96,113.67,4.48,3.96,9.61,0.403
cmrj2ubmo08g6wlwsgup6pmvt,"Fresh sardines",meal,705.25,66.95,29.74,38.65,4.22,9.49,5.48,0.3795
cmrj2ubnv08gfwlwso38bc2z9,"Griddled flatbreads",meal,1055.6,21.3,16.4,206.4,1.55,2.02,19.55,0.1398
cmrj2ubpc08gqwlwspidl00zi,"Haft Mewa Recipe",meal,839.8,18.7,41.4,117.1,4.93,2.23,13.94,0.4437
cmrj2ubrh08h7wlwsp9fwff0y,"Hummus",meal,467.71,19.66,19.31,57.27,4.13,4.2,12.25,0.3715
cmrj2ubss08hiwlwsbvb6pxfp,"Jajek",meal,239.3,16.87,7.16,26.83,2.99,7.05,11.21,0.2692
cmrj2ubui08hvwlws7bfm8f5s,"Jamaican Boiled Dumplings",meal,457.5,13.63,1.85,96.63,0.4,2.98,21.12,0.0364
cmrj2ubw008i6wlwsw5mgys0e,"Jamaican Festival (Sweet Dumpling)",meal,1146.94,17.06,56.58,144.14,4.93,1.49,12.57,0.444
cmrj2ubxy08inwlwsy79rhwdw,"Jamaican Fried Dumplings",meal,1960.57,16.57,168.38,101.91,8.59,0.84,5.2,0.773
cmrj2ubz908iywlwscf06orks,"Jamaican Steamed Cabbage",meal,690.19,18.08,40.91,86.49,5.93,2.62,12.53,0.5334
cmrj2uc2h08jpwlwsgsc760bk,"Keto Banitsa",meal,932.9,42.6,64.4,51.4,6.9,4.57,5.51,0.6213
cmrj2uc4a08k4wlwsfh822hi1,"Khobz el Dar (Algerian Semolina Bread)",meal,1361.7,40.19,48.39,193.82,3.55,2.95,14.23,0.3198
cmrj2ucb308ljwlwshp004cle,"Lao Som Pak Pickled Cabbage",meal,188.5,10.71,1.1,43.27,0.58,5.68,22.95,0.0523
cmrj2uccf08lswlws07gd8p8x,"Mango chow",meal,62.62,2.61,0.41,15.49,0.65,4.18,24.75,0.0585
cmrj2uce708m7wlwssel7u3zm,"Mushroom soup with buckwheat",meal,429.48,8.3,33.72,27.58,7.85,1.93,6.42,0.7066
cmrj2ucgq08mswlwshomz70ni,"Mustard champ",meal,668.82,16.22,24.7,101.11,3.69,2.42,15.12,0.3324
cmrj2ucic08n5wlws99n5bcto,"Num Ansom – Sticky Rice Cake",meal,1230.3,34.8,5.8,263.6,0.47,2.83,21.43,0.0424
cmrj2ucjz08niwlwss9gu5mba,"Phaphatha Flatbreads",meal,1008.86,31.17,7.76,204.57,0.77,3.09,20.28,0.0692
cmrj2uclh08ntwlws2h11csb7,"Pierogi (Polish Dumplings)",meal,1336.69,36.25,51.4,186.27,3.85,2.71,13.94,0.3461
cmrj2ucqs08p1wlwsd0ffqofr,"Rye bread",meal,675.8,25.2,5.6,132.7,0.83,3.73,19.64,0.0746
cmrj2ucsg08pewlws564i92mo,"Sesame Cucumber Salad",meal,143.97,10.9,8.44,11.38,5.86,7.57,7.91,0.5277
cmrj2ucu808ptwlwsphnpz4dk,"Shawarma bread",meal,293.5,6.81,7.73,49.58,2.63,2.32,16.89,0.237
cmrj2ucvs08q6wlwscb1ruusi,"Smoked aubergine purée",meal,134.34,8.51,3.07,21.28,2.29,6.33,15.84,0.2059
cmrj2ucxb08qhwlws21ulsvoz,"Smoky tomato pepper salsa",meal,238.51,2.48,21.19,11.39,8.88,1.04,4.78,0.7994
cmrj2ud2w08rlwlwsgpeqzlul,"Split Pea Soup",meal,9281.97,654.08,70.34,1590.98,0.76,7.05,17.14,0.0682
cmrj2ud4z08s2wlwsp4klqknh,"Stuffed Grape Leaves",meal,1113.44,22.56,57.49,134.94,5.16,2.03,12.12,0.4647
cmrj2ud8i08stwlwsr4mbw868,"Tendir Choreyi (Tandoori Bread)",meal,787.56,26.27,10.34,147.88,1.31,3.34,18.78,0.1182
cmrj2uda108t6wlwsilch7ht4,"Venezuelan Arepas",meal,658.2,15.6,15,115.4,2.28,2.37,17.53,0.2051
cmrj2udb808tfwlwsfpkj2864,"Zemiakové Placky",meal,1059.02,25.61,60.37,107.54,5.7,2.42,10.15,0.5131
cmrj2uddc08tywlwsfuz2kueg,"Ajo blanco",meal,1005.64,28.17,78.25,58.42,7.78,2.8,5.81,0.7003
cmrj2udep08u9wlwso494ozpu,"Broccoli & Stilton soup",meal,1249.62,9.16,124.91,29.23,10,0.73,2.34,0.8996
cmrj2udjt08vfwlwsg3v4wbl5,"Colombian Style Stuffed Potatoes",meal,1306.57,46.01,80.73,100.32,6.18,3.52,7.68,0.5561
cmrj2udol08wgwlwsg9jgs0th,"Mantu Afghan Dumpling",meal,1556.15,78.88,40.33,221.52,2.59,5.07,14.24,0.2333
cmrj2udr008x1wlwsn3pyf9qx,"Oyster Mushroom Soup",meal,399.48,12.04,27.78,29.62,6.95,3.01,7.41,0.6259
cmrj2udt708xkwlwsal0t56cf,"Paracuca (Roasted Peanuts)",meal,2456.4,93.5,178.7,158,7.27,3.81,6.43,0.6547
cmrj2uduc08xtwlwsdxsv2yjq,"Simple heart of palm & tomato salad",meal,280.65,7.16,22.12,17.6,7.88,2.55,6.27,0.7092
cmrj2udvz08y6wlwsy6d0nbnp,"Fasoliyyeh Bi Z-Zayt (Syrian Green Beans with Olive Oil)",meal,161.35,2.69,14.2,7.52,8.8,1.67,4.66,0.7921
cmrj2udxf08yhwlws7zzndep6,"Padron peppers",meal,64.4,2.1,4,6.7,6.21,3.26,10.4,0.559
cmrj2udy808ymwlwsfpn3ddoy,"Red onion pickle",meal,406,8.5,8.5,96.4,2.09,2.09,23.74,0.1884
cmrj2udzy08yzwlws7xu4w51a,"Roast fennel and aubergine paella",meal,462.35,15.68,5.46,83.17,1.18,3.39,17.99,0.1064
cmrj2ue3v08zuwlwspyfynz0v,"Vegan Chocolate Cake",meal,277.07,9.19,3.04,56.88,1.1,3.32,20.53,0.0988
cmrj2ue62090bwlwsu6hy95v3,"Vegan Lasagna",meal,1123.15,47.16,47.1,129.92,4.19,4.2,11.57,0.3774
cmrj2ue950910wlwspp7h0swp,"Air fryer patatas bravas",meal,306.01,6.79,11.04,47.44,3.61,2.22,15.5,0.3246
cmrj2ueb9091hwlwsoc14t9fu,"Aubergine & hummus grills",meal,502.66,13.06,38.76,32.57,7.71,2.6,6.48,0.694
cmrj2uedr0920wlws0h6gfpg6,"Aubergine couscous salad",meal,243.98,7.83,18,13.09,7.38,3.21,5.36,0.664
cmrj2ueg4092hwlwsfb80cmq6,"Avocado dip with new potatoes",meal,686.65,19.47,26.71,97.98,3.89,2.83,14.27,0.3502
cmrj2ueil0930wlwspr9stmgf,"Baingan Bharta",meal,85.67,1.88,5.42,8.8,6.33,2.2,10.27,0.5695
cmrj2uel4093jwlws8wr3dqxv,"Beetroot latkes",meal,135.19,7.16,5.63,16.75,4.16,5.3,12.39,0.3747
cmrj2ueog0948wlwsx0zn6qkx,"Beetroot Soup (Borscht)",meal,376.5,11.97,14.77,50.62,3.92,3.18,13.44,0.3531
cmrj2ueqf094nwlws7xp7xk44,"Braised stuffed cabbage",meal,405.65,8.01,10.58,73.13,2.61,1.97,18.03,0.2347
cmrj2uet0095awlws6e4lxsa8,"Cabbage Soup (Shchi)",meal,209.26,4.69,9.53,28.26,4.56,2.24,13.51,0.41
cmrj2uew4095xwlws551r8nxh,"Chickpea Fajitas",meal,776.42,16.44,45.8,80.92,5.9,2.12,10.42,0.5309
cmrj2ueze096owlws9kh02o09,"Chinese Tomato Egg Stir Fry",meal,588.36,18.72,15.62,94.39,2.65,3.18,16.04,0.2389
cmrj2uf1z0979wlwsp7yt4ea5,"Chtitha Batata (Algerian Potato Stew)",meal,107.68,4.07,7.67,8.38,7.13,3.78,7.79,0.6413
cmrj2uf52097ywlwshw2jiqil,"Cottage Cheese And Feta Stuffed Peppers",meal,126.04,10.67,6.92,6.39,5.49,8.46,5.07,0.4942
cmrj2uf6y098dwlwsih4uzbf3,"Creamy Aji green sauce",meal,79.55,2.26,3.08,12.93,3.87,2.84,16.25,0.3484
cmrj2uf94098uwlwszpv826uh,"Creamy Corn Soup Recipe",meal,341.3,6.63,22.81,32.9,6.68,1.94,9.64,0.6016
cmrj2ufbg099fwlwszp0hrthr,"Cucumber & fennel salad",meal,99.72,2.17,7.76,6.88,7.78,2.18,6.89,0.7003
cmrj2ufdh099uwlwsyy7re0ty,"Dal fry",meal,251.58,9.79,8.35,36.35,3.32,3.89,14.45,0.2986
cmrj2ufhe09arwlws9peawd2c,"Easy White Bean Soup",meal,235.08,9.73,7.62,33.39,3.24,4.14,14.2,0.2917
cmrj2ufkm09biwlwsh88tcsse,"Egg Drop Soup",meal,99.76,5.8,3.4,11.46,3.41,5.81,11.49,0.307
cmrj2ufn709c3wlwshmx02qv8,"Eggplant Adobo",meal,306.44,21.89,16.41,16.86,5.36,7.14,5.5,0.4821
cmrj2ufpn09cowlwsgkaqz75f,"Empanadas Fritas de Queso",meal,559.07,21.85,18.6,76.14,3.33,3.91,13.62,0.2994
cmrj2ufri09d3wlwsjbuy1x94,"Falafel",meal,310.29,10.61,17.32,29.61,5.58,3.42,9.54,0.5025
cmrj2uftn09dkwlwshv9stl2k,"Falafel Pita Sandwich with Tahini Sauce",meal,1506.83,56.4,61.61,186.46,4.09,3.74,12.37,0.368
cmrj2ufwq09ebwlwsxwb0o5kf,"Flamiche",meal,1184.66,22.08,75.05,108.69,6.34,1.86,9.17,0.5702
cmrj2ufzx09f2wlws8iffm9zw,"Ful Medames",meal,118.09,11.08,4.49,10.3,3.8,9.39,8.72,0.3423
cmrj2ug1j09ffwlws4us85irt,"Gigantes Plaki",meal,501.09,24.02,11.71,79.6,2.34,4.79,15.89,0.2103
cmrj2ug4a09g0wlwstmu6mewf,"Griddled aubergines with sesame dressing",meal,155.98,8.4,9.3,11.49,5.96,5.38,7.37,0.5368
cmrj2ug6u09gjwlwswyk7mi1p,"Grilled aubergines with spicy chickpeas & walnut sauce",meal,486.85,16.99,27.59,46.96,5.67,3.49,9.65,0.5101
cmrj2uga409hawlwsesxiffo0,"Grilled corn with garlic mayo & grated cheese",meal,234.02,7.16,6.88,42.8,2.94,3.06,18.29,0.2645
cmrj2ugbu09hnwlwszvfjypxf,"Grilled eggplant with coconut milk",meal,75.9,8.3,2.1,5.6,2.77,10.94,7.38,0.249
cmrj2ugdj09i0wlwsazogczol,"Hodge Podge",meal,511.37,11.76,40.58,29.77,7.94,2.3,5.82,0.7142
cmrj2uggh09inwlwssu08di9q,"Jamaican Instant Pot Rice and Beans",meal,663.32,19.94,13.82,118.63,2.08,3.01,17.88,0.1876
cmrj2ugjc09jcwlwsjf1mkkjm,"Jamaican Rice and Peas",meal,654.65,20.7,11.52,121.66,1.76,3.16,18.58,0.1583
cmrj2ugly09jxwlwspuarj6h0,"Kadu Borani",meal,212.44,4.47,2.07,45.22,0.97,2.11,21.29,0.0876
cmrj2ugok09kiwlwsngff1qbs,"Kaspressknödel - Cheese Dumplings",meal,860.68,29.7,46.84,81.25,5.44,3.45,9.44,0.4898
cmrj2ugr709l3wlws5igcmqry,"Kidney Bean Curry",meal,573.96,13.31,34.28,55.58,5.97,2.32,9.68,0.5375
cmrj2uguc09lqwlwsa5ql84m9,"Koshari",meal,861.86,25.97,32.7,114.66,3.79,3.01,13.3,0.3414
cmrj2ugyb09miwlwslod3do1c,"Leblebi Soup",meal,240.01,7.07,13.1,24.9,5.46,2.95,10.38,0.4913
cmrj2uh6109o9wlws7j4etwqa,"Moroccan Carrot Soup",meal,79.62,1.3,3.85,10.99,4.84,1.64,13.81,0.4352
cmrj2uh8209oqwlws3w09gzg5,"Nordic smørrebrød with asparagus and horseradish cream",meal,551.11,15.77,33.99,53.88,6.17,2.86,9.78,0.5552
cmrj2uhc209pnwlwsq86l442j,"Pa Amb Tomaquet (Bread with Tomato)",meal,69.55,2.26,1.92,11.36,2.76,3.25,16.34,0.2485
cmrj2uhdd09pywlwstuqxwwfz,"Patatas bravas",meal,365.31,6.51,17.99,47.08,4.93,1.78,12.89,0.4433
cmrj2uhfw09qlwlwsekwxg52l,"Pisto con huevos",meal,931.55,19.17,64.25,96.73,6.9,2.06,10.38,0.6208
cmrj2uhit09rawlws59bv1ar1,"Pomegranate salad",meal,289.87,7.52,18.01,31.89,6.21,2.59,11,0.5593
cmrj2uhns09sgwlwsjgmfd6ay,"Provençal Omelette Cake",meal,718.85,36.28,53.6,25.62,7.46,5.05,3.56,0.6711
cmrj2uhqt09t7wlwsgyejz3ia,"Ratatouille",meal,234.14,5.54,17.97,16.02,7.67,2.37,6.84,0.6906
cmrj2uhup09tswlwsgogjhfj0,"Ribollita",meal,621.99,22.72,33.2,62.79,5.34,3.65,10.1,0.4804
cmrj2uhy709ulwlwsr3m22lon,"Rice and Beans",meal,100,3.3,3.2,16.7,3.2,3.3,16.7,0.288
cmrj2uhzw09uywlwspfwohogj,"Roast aubergine with goat's cheese & toasted flatbread",meal,297.87,9.35,15.15,34.02,5.09,3.14,11.42,0.4578
cmrj2ui2w09vlwlwsfvso3lg0,"Roasted Eggplant With Tahini, Pine Nuts, and Lentils",meal,835.48,33.76,25.5,136.76,3.05,4.04,16.37,0.2747
cmrj2ui6e09wgwlwsiblakpy8,"Sauerkraut pierogi",meal,849.96,15.69,46.18,94.43,5.43,1.85,11.11,0.489
cmrj2ui9a09x5wlwspx8sg84w,"Sauerkraut pierogii",meal,851.76,15.75,46.18,94.85,5.42,1.85,11.14,0.488
cmrj2uicm09xuwlwspn72puao,"Shakshuka",meal,249.64,12.83,14.13,19.23,5.66,5.14,7.7,0.5093
cmrj2uif109ydwlws6vccg4sr,"Shopska Salad",meal,202.09,4.57,17,9.81,8.41,2.26,4.85,0.757
cmrj2uihc09yuwlwsdezcf7wg,"Sichuan Eggplant",meal,136.89,4.02,8.04,13.68,5.88,2.94,9.99,0.5288
cmrj2uikp09zlwlwsly9nlu2z,"Sichuan Style Stir-Fried Chinese Long Beans",meal,337.4,1.2,7.2,68.5,2.13,0.36,20.3,0.1921
cmrj2uin00a02wlwsdfrwpv2r,"Silken Tofu with Sesame Soy Sauce",meal,100.14,9.53,4.75,5.07,4.74,9.51,5.06,0.4267
cmrj2uioc0a0dwlwsn9q2z2kp,"Smoky Lentil Chili with Squash",meal,1045.07,38.68,41.46,147.96,3.97,3.7,14.16,0.357
cmrj2uisy0a1gwlwse6ym4d2g,"Spiced tortilla",meal,307.02,16.97,13.56,30.27,4.42,5.53,9.86,0.3974
cmrj2uiv90a1xwlwsk57q708d,"Squash linguine",meal,642,19.9,15.1,111.9,2.35,3.1,17.43,0.2117
cmrj2uiwq0a28wlws7xwxe66o,"Stovetop Eggplant With Harissa, Chickpeas, and Cumin Yogurt",meal,543.46,28.87,26.89,52.92,4.95,5.31,9.74,0.4453
cmrj2uiyu0a2pwlwsyq01e53w,"Stuffed Bell Peppers with Quinoa and Black Beans",meal,795.95,36.07,27.1,117.99,3.41,4.53,14.82,0.3065
cmrj2uj2e0a3kwlwshb3nn0oc,"Sukuma Wiki",meal,393.62,4.85,37.37,12.09,9.49,1.23,3.07,0.8544
cmrj2uj450a3vwlwsl8p7o2m4,"Summer Pistou",meal,292.73,15.36,9.16,40.65,3.13,5.25,13.89,0.2818
cmrj2uj6u0a4gwlwsjilyp9lu,"Sweet potato salad",meal,283.07,9.18,12.01,41.45,4.24,3.24,14.64,0.3818
cmrj2uj920a4xwlwsckpw8vjd,"Tahini Lentils",meal,11824.75,601.1,524.16,1289.25,4.43,5.08,10.9,0.3989
cmrj2ujbt0a5iwlwsaru846b6,"Tamiya",meal,527.01,21.64,32.25,40.88,6.12,4.11,7.76,0.5508
cmrj2uje60a61wlwse49h67fc,"Tangy cabbage slaw",meal,194.27,1.89,11.73,22.31,6.04,0.97,11.48,0.5436
cmrj2ujh40a6mwlwsrv4e1rlc,"Tangy carrot, cabbage & onion salad",meal,119.49,3.27,7.32,12.43,6.12,2.74,10.4,0.5512
cmrj2ujji0a77wlws88rpiynu,"Tavë me Presh ska Mish Meatless Leek Bake",meal,325.82,6.58,5.79,62.43,1.78,2.02,19.16,0.1601
cmrj2ujmp0a7wwlwsqiuktrrz,"Thai coconut & veg broth",meal,306.59,11.52,6.32,54.38,2.06,3.76,17.74,0.1856
cmrj2ujq00a8nwlwsd0yu5nrk,"Thai pumpkin soup",meal,218.34,5.46,7.75,37.04,3.55,2.5,16.97,0.3195
cmrj2ujsq0a9awlws5hpp6def,"Thai rice noodle salad",meal,995.03,77.49,67.42,27.56,6.78,7.79,2.77,0.6098
cmrj2ujw50aa5wlwsat0n18gj,"Tofu, greens & cashew stir-fry",meal,228.03,8.57,8.81,31.67,3.87,3.76,13.89,0.3479
cmrj2ujys0aaswlws9xb8z2b2,"Tortang Talong",meal,104.2,8.5,6.9,1.4,6.62,8.16,1.34,0.596
cmrj2ujzv0ab1wlwsk8hd5tqi,"Vegetarian Casserole",meal,488.61,14.02,31.46,48.05,6.44,2.87,9.83,0.5794
cmrj2uk3e0abwwlwsps9bdb2t,"Vegetarian Chilli",meal,292.8,12.8,8.8,43.8,3.01,4.37,14.96,0.2705
cmrj2uk4r0ac5wlws8cr7de8c,"Vegetarian Shakshuka",meal,115.65,6.03,3.85,15.03,3.32,5.21,13,0.2992
cmrj2uk7n0acswlws2l00m4wh,"Vietnamese veg parcels",meal,194.57,14.21,2.55,29.32,1.31,7.31,15.07,0.1179
cmrj2ukas0adjwlwsc0olwdgm,"Vietnamese-style veggie hotpot",meal,1065.3,63.66,17.04,206.62,1.6,5.98,19.4,0.144
cmrj2ukg10aepwlwscdqide21,"Dutch poffertjes (mini pancakes)",meal,1211.87,26.23,57.41,155.47,4.74,2.16,12.83,0.4264
cmrj2ukki0afnwlwshefkfj1z,"Fruit and Cream Cheese Breakfast Pastries",meal,1371.86,15.47,46.22,225.12,3.37,1.13,16.41,0.3032
cmrj2ukop0aglwlwsc8i4j96l,"Grits",meal,13.3,0.2,0.3,2.3,2.26,1.5,17.29,0.203
cmrj2ukpq0agswlwsuw504k2k,"Home-made Mandazi",meal,1624.1,47.31,12.55,321.83,0.77,2.91,19.82,0.0695
cmrj2ukqz0ah1wlwswnfzraii,"Jamaican Cornmeal Porridge",meal,557.51,12.74,14.03,95.17,2.52,2.28,17.07,0.2264
cmrj2ukt80ahiwlws78o6vo2m,"Oatmeal pancakes",meal,960.8,16.1,69.8,72,7.26,1.68,7.49,0.6538
cmrj2ukvp0ai3wlwskjocthm6,"Rømmegrøt – Norwegian Sour Cream Porridge",meal,990.92,20.4,52.6,111.6,5.31,2.06,11.26,0.4777
cmrj2ukxl0aiiwlwsa9aanjo5,"Salmon Eggs Eggs Benedict",meal,1360.48,47.84,110.14,45.58,8.1,3.52,3.35,0.7286
cmrj2ukzm0aj1wlwso653l1k8,"Smoked Haddock Kedgeree",meal,2395.88,161.23,59.9,325,2.5,6.73,13.56,0.225
cmrj2ul2m0ajqwlwst4ihx4ej,"Torrijas with sherry",meal,1292.4,17.21,81.14,126.14,6.28,1.33,9.76,0.565
cmrj2ul500ak9wlwskp59bqxx,"Ugali – Kenyan cornmeal",meal,447.8,12.4,5.7,86.7,1.27,2.77,19.36,0.1146
cmrj2ul7s0aktwlwshcyhl6ke,"Jamaican Curry Goat",meal,598.39,77.44,16.96,37.92,2.83,12.94,6.34,0.2551
cmrj2ulbg0almwlwsw7uxhqd3,"Mbuzi Choma (Roasted Goat)",meal,1209.62,74.12,15.29,197.8,1.26,6.13,16.35,0.1138
cmrp7vd7k0004wl3wze2p2y1n,"Turkey Meatball & Zucchini Bowl",meal,460.6,41.6,25.1,19.5,5.45,9.03,4.23,0.4904
cmrqrc5sw000awl00knoxkkuk,"Curried Chickpeas with Spinach",meal,384.26,13.88,18.78,44.55,4.89,3.61,11.59,0.4399
cmrtz3lhd004ewlooi2tyek8b,"Lemon Garlic Baked Cod with White Beans",meal,423.7,42.55,15.14,29.37,3.57,10.04,6.93,0.3217
cmrtz3myi004owloo1cletvwp,"Garlic Shrimp Quinoa Bowl",meal,807.62,58.98,26.77,98.19,3.32,7.3,12.16,0.2984
cmrujhgx60000wlbowr1mhvif,"Garlic Chicken, Rice & Broccoli",meal,564.2,48.17,15.63,55.12,2.77,8.54,9.77,0.2494
cmrujhgxf0006wlbo0u51fpze,"Salmon, Quinoa & Greens Bowl",meal,603.9,40,31.5,39.7,5.22,6.62,6.57,0.4694
cmrujhgxj000cwlbo2vwnvscx,"Chickpea & Potato Curry",meal,688,21.33,28.09,90.84,4.08,3.1,13.2,0.3674
cmrujhgxn000iwlbogvmutbp7,"Black Bean Burrito Bowl",meal,635.7,20.5,22,88.6,3.46,3.22,13.94,0.3115
cmrujhgxr000owlbolur7lecj,"Tofu & Broccoli Stir-Fry",meal,590.92,41.73,26.3,55.08,4.45,7.06,9.32,0.4005
cmrujhgxv000uwlbogy85v7mn,"Overnight Oats, Blueberries & Almonds",meal,456.8,14.9,14.9,69.6,3.26,3.26,15.24,0.2936
cmrujhgxz000zwlbon488ewmg,"Greek Yogurt, Honey & Almonds",snack,220.4,20.69,8.54,17.51,3.87,9.39,7.94,0.3486
cmrujhgy30014wlbop6zvjl7b,"Lentil & Bulgur Pilaf",meal,512.4,19.4,22.7,61.6,4.43,3.79,12.02,0.3987
cmrujhgy6001awlboe1tjrllj,"Tuna & Pasta Salad",meal,793.7,50.57,13.38,113.78,1.69,6.37,14.34,0.1517
cmrujhgya001gwlbogt3taldd,"Peanut Tofu Noodles",meal,568.7,40.58,26.58,52.46,4.67,7.14,9.22,0.4207
cmrujhgyd001mwlbo1yhlk5mq,"Egg & Spinach Scramble",meal,335.3,21.3,8.6,42.2,2.56,6.35,12.59,0.2308
cmrujhgyh001swlbo9iuma4cd,"Lentil Bolognese with Pasta",meal,969.3,35.2,24.7,151.3,2.55,3.63,15.61,0.2293
cmrujhgyk001ywlbomxh6qzyb,"Quinoa & Black Bean Salad",meal,566.3,19.7,23.6,69.8,4.17,3.48,12.33,0.3751
cmrujhgyo0024wlbo3ho7570g,"Chickpea Shawarma Bowl",meal,626.9,20.88,28.24,76.69,4.51,3.33,12.23,0.4055
cmrujhgyr002awlbolpmgs3hm,"Beef & Broccoli with Rice",meal,668.3,43,32.4,49.5,4.85,6.43,7.41,0.4363
cmrujhgyv002gwlbook0f4bmi,"Salmon, Couscous & Cucumber",meal,560,36.76,28.47,36.53,5.08,6.56,6.52,0.4575
cmrujhgyy002mwlboajvkn89k,"Kidney Bean Chili with Rice",meal,566.5,20.2,13.3,91.4,2.35,3.57,16.13,0.2113
cmrujhgz1002swlboxyyd77qg,"Cashew Tofu Rice Bowl",meal,598.6,39.74,24.2,61.86,4.04,6.64,10.33,0.3638
cmrujkwop0000wl9o721kc10j,"Stir-Fried Chicken & Broccoli with Rice",meal,516.82,45.4,13.31,51.7,2.57,8.78,10,0.2317
cmrujkwoy0006wl9o9c3pptnn,"Stir-Fried Chicken & Bell Peppers with Rice",meal,532.74,46.5,12.18,56.13,2.29,8.73,10.54,0.2057
cmrujkwp1000cwl9o1jfq4y3t,"Stir-Fried Chicken & Broccoli with Noodles",meal,470.82,43.76,13.13,44.25,2.79,9.29,9.4,0.2509
cmrujkwp5000iwl9oabgsvokt,"Stir-Fried Chicken & Bell Peppers with Noodles",meal,486.74,44.87,12,48.68,2.46,9.22,10,0.2218
cmrujkwp9000owl9o2cp3kmt1,"Stir-Fried Ground Beef & Broccoli with Rice",meal,678.2,43,32.4,51.7,4.78,6.34,7.62,0.43
cmrujkwpc000uwl9odl9irp1e,"Stir-Fried Ground Beef & Bell Peppers with Rice",meal,694.1,44.1,31.2,56.1,4.5,6.35,8.08,0.4046
cmrujkwpf0010wl9or1zkj9r7,"Stir-Fried Ground Beef & Broccoli with Noodles",meal,632.22,41.35,32.19,44.25,5.09,6.54,7,0.4583
cmrujkwpj0016wl9ofp3z9pxl,"Stir-Fried Ground Beef & Bell Peppers with Noodles",meal,648.14,42.46,31.06,48.68,4.79,6.55,7.51,0.4313
cmrujkwpn001cwl9o3udossxt,"Stir-Fried Tofu & Broccoli with Rice",meal,586.42,40.02,25.42,56.98,4.34,6.82,9.72,0.3902
cmrujkwpq001iwl9oavyvri0a,"Stir-Fried Tofu & Bell Peppers with Rice",meal,602.34,41.12,24.29,61.42,4.03,6.83,10.2,0.3629
cmrujkwpu001owl9ol6imxf2e,"Stir-Fried Tofu & Broccoli with Noodles",meal,540.42,38.38,25.24,49.53,4.67,7.1,9.16,0.4204
cmrujkwpx001uwl9o875da19k,"Stir-Fried Tofu & Bell Peppers with Noodles",meal,556.34,39.49,24.11,53.97,4.33,7.1,9.7,0.39
cmrujkwq00020wl9ofnqk0q0v,"Stir-Fried Eggs & Broccoli with Rice",meal,395.32,23.2,8.85,55.24,2.24,5.87,13.97,0.2016
cmrujkwq40026wl9omfjtefzu,"Stir-Fried Eggs & Bell Peppers with Rice",meal,411.2,24.3,7.7,59.7,1.87,5.91,14.52,0.1685
cmrujkwq8002cwl9ojjtjzot2,"Stir-Fried Eggs & Broccoli with Noodles",meal,349.32,21.56,8.67,47.79,2.48,6.17,13.68,0.2235
cmrujkwqc002iwl9os4fqncbh,"Stir-Fried Eggs & Bell Peppers with Noodles",meal,365.24,22.67,7.54,52.22,2.06,6.21,14.3,0.1858
cmrujkwqf002owl9o35jjgcvq,"Fiesta Chicken & Bell Peppers with Rice",meal,526.8,43.37,15.17,49.6,2.88,8.23,9.42,0.2592
cmrujkwqi002uwl9ob1bgrck4,"Fiesta Chicken & Onions with Rice",meal,526,43.23,14.99,50.4,2.85,8.22,9.58,0.2566
cmrujkwqm0030wl9o2di2m86b,"Fiesta Ground Beef & Bell Peppers with Rice",meal,688.2,41,34.2,49.6,4.97,5.96,7.21,0.4473
cmrujkwqq0036wl9oxkmnr1gb,"Fiesta Ground Beef & Onions with Rice",meal,687.4,40.8,34.1,50.4,4.96,5.94,7.33,0.4465
cmrujkwqv003cwl9osxwuelqr,"Fiesta Black Beans & Bell Peppers with Rice",meal,666.7,20.8,24,91.4,3.6,3.12,13.71,0.324
cmrujkwqx003iwl9ogty42fuw,"Fiesta Black Beans & Onions with Rice",meal,665.9,20.6,23.9,92.2,3.59,3.09,13.85,0.323
cmrujkwr1003owl9ogywoijch,"Spiced Chicken & Onions with Rice",meal,526,43.23,14.99,50.4,2.85,8.22,9.58,0.2566
cmrujkwr4003uwl9or0xver7i,"Spiced Chicken & Bell Peppers with Rice",meal,526.8,43.37,15.17,49.6,2.88,8.23,9.42,0.2592
cmrujkwr70040wl9otg8s1bb9,"Spiced Chicken & Onions with Potato",meal,489,43.64,14.75,44.12,3.02,8.93,9.02,0.2714
cmrujkwra0046wl9ods3ggn18,"Spiced Chicken & Bell Peppers with Potato",meal,489.8,43.78,14.93,43.32,3.05,8.94,8.84,0.2743
cmrujkwre004cwl9on4k0spds,"Spiced Chickpeas & Onions with Rice",meal,722.9,20.6,27.5,98.9,3.8,2.85,13.68,0.3424
cmrujkwrh004iwl9o6c6ggg65,"Spiced Chickpeas & Bell Peppers with Rice",meal,723.7,20.8,27.6,98.1,3.81,2.87,13.56,0.3432
cmrujkwrl004owl9ojn3bhou8,"Spiced Chickpeas & Onions with Potato",meal,685.9,21.03,27.22,92.57,3.97,3.07,13.5,0.3572
cmrujkwrn004uwl9o3k5ooml6,"Spiced Chickpeas & Bell Peppers with Potato",meal,686.7,21.17,27.4,91.77,3.99,3.08,13.36,0.3591
cmrujkwrq0050wl9ot3uxn7hl,"Spiced Lentils & Onions with Rice",meal,620.8,20.1,22.9,84.1,3.69,3.24,13.55,0.332
cmrujkwrt0056wl9otf9oitr5,"Spiced Lentils & Bell Peppers with Rice",meal,621.6,20.2,23.1,83.3,3.72,3.25,13.4,0.3345
cmrujkwrx005cwl9onadkd1nk,"Spiced Lentils & Onions with Potato",meal,583.8,20.48,22.64,77.78,3.88,3.51,13.32,0.3491
cmrujkws1005iwl9ord1ignd1,"Spiced Lentils & Bell Peppers with Potato",meal,584.6,20.62,22.82,76.98,3.9,3.53,13.17,0.3513
cmrujkws4005owl9o5ilc9tvd,"Mediterranean Chicken & Cucumber with Bulgur",meal,409.9,42.73,14.89,25.91,3.63,10.42,6.32,0.327
cmrujkws7005uwl9o7ouvrozv,"Mediterranean Chicken & Onions with Bulgur",meal,443.54,46.69,14.28,33.56,3.22,10.53,7.57,0.2897
cmrujkwsa0060wl9osorbvtkl,"Mediterranean Chicken & Cucumber with Couscous",meal,470,44.41,14.82,36.53,3.15,9.45,7.77,0.2838
cmrujkwse0066wl9oenv0p0h5,"Mediterranean Chicken & Onions with Couscous",meal,503.64,48.38,14.2,44.18,2.82,9.61,8.77,0.2538
cmrujkwsh006cwl9ok7nytrch,"Mediterranean Salmon & Cucumber with Bulgur",meal,517.9,35.08,30.54,25.91,5.9,6.77,5,0.5307
cmrujkwsl006iwl9oefvecucc,"Mediterranean Salmon & Onions with Bulgur",meal,551.5,39,29.9,33.6,5.42,7.07,6.09,0.4879
cmrujkwso006owl9ox4kqwyv1,"Mediterranean Salmon & Cucumber with Couscous",meal,578,36.76,30.47,36.53,5.27,6.36,6.32,0.4744
cmrujkwss006uwl9o4lsebap9,"Mediterranean Salmon & Onions with Couscous",meal,611.6,40.7,29.9,44.2,4.89,6.65,7.23,0.44
cmrujkwsv0070wl9o45sq626p,"Mediterranean Tuna & Cucumber with Bulgur",meal,345.1,35.08,11.42,25.91,3.31,10.16,7.51,0.2979
cmrujkwsy0076wl9ouycfmtwn,"Mediterranean Tuna & Onions with Bulgur",meal,378.74,39.04,10.81,33.56,2.85,10.31,8.86,0.2568
cmrujkwt3007cwl9oaahetc8g,"Mediterranean Tuna & Cucumber with Couscous",meal,405.2,36.76,11.35,36.53,2.8,9.07,9.01,0.2521
cmrujkwt6007iwl9oliyzc1o8,"Mediterranean Tuna & Onions with Couscous",meal,438.84,40.72,10.73,44.18,2.45,9.28,10.07,0.2201
cmrujkwt9007owl9oyd2lr78k,"Mediterranean Chickpeas & Cucumber with Bulgur",meal,606.8,20.11,27.37,74.36,4.51,3.31,12.25,0.4059
cmrujkwtd007uwl9omq96usvg,"Mediterranean Chickpeas & Onions with Bulgur",meal,640.4,24.1,26.8,82,4.18,3.76,12.8,0.3766
cmrujkwtg0080wl9oj7j7g98g,"Mediterranean Chickpeas & Cucumber with Couscous",meal,666.9,21.79,27.3,84.98,4.09,3.27,12.74,0.3684
cmrujkwtk0086wl9o7rpv3jyz,"Mediterranean Chickpeas & Onions with Couscous",meal,700.5,25.8,26.7,92.6,3.81,3.68,13.22,0.343
cmrujkwto008cwl9ohw2jffir,"Rustic Chicken & Onions with Pasta",meal,874.5,58.41,16.78,117.65,1.92,6.68,13.45,0.1727
cmrujkwtr008iwl9oka15usv5,"Rustic Chicken & Broccoli with Pasta",meal,884.6,60.58,17.09,118.95,1.93,6.85,13.45,0.1739
cmrujkwtv008owl9olnbp64cr,"Rustic Ground Beef & Onions with Pasta",meal,1035.9,56,35.8,117.7,3.46,5.41,11.36,0.311
cmrujkwty008uwl9ox63oneba,"Rustic Ground Beef & Broccoli with Pasta",meal,1046,58.2,36.2,118.9,3.46,5.56,11.37,0.3115
cmrujkwu20090wl9oa6w2jz3p,"Rustic Lentils & Onions with Pasta",meal,969.3,35.2,24.7,151.3,2.55,3.63,15.61,0.2293
cmrujkwu50096wl9op9k5eflo,"Rustic Lentils & Broccoli with Pasta",meal,979.4,37.4,25,152.6,2.55,3.82,15.58,0.2297
cmrujkwu8009cwl9oow6fi2qu,"Classic Chicken & Broccoli with Rice",meal,536.1,45.4,15.31,51.7,2.86,8.47,9.64,0.257
cmrujkwub009iwl9o79lw81df,"Classic Chicken & Bell Peppers with Rice",meal,526.8,43.37,15.17,49.6,2.88,8.23,9.42,0.2592
cmrujkwue009owl9ogm49bcf5,"Classic Chicken & Broccoli with Potato",meal,499.1,45.81,15.06,45.42,3.02,9.18,9.1,0.2716
cmrujkwuh009uwl9ohi26dm66,"Classic Chicken & Bell Peppers with Potato",meal,489.8,43.78,14.93,43.32,3.05,8.94,8.84,0.2743
cmrujkwuk00a0wl9ogoq6k51a,"Classic Ground Beef & Broccoli with Rice",meal,697.5,43,34.4,51.7,4.93,6.16,7.41,0.4439
cmrujkwuo00a6wl9ots7x4wpu,"Classic Ground Beef & Bell Peppers with Rice",meal,688.2,41,34.2,49.6,4.97,5.96,7.21,0.4473
cmrujkwur00acwl9otwtkb6j1,"Classic Ground Beef & Broccoli with Potato",meal,660.5,43.4,34.13,45.42,5.17,6.57,6.88,0.465
cmrujkwuv00aiwl9ojjf66d82,"Classic Ground Beef & Bell Peppers with Potato",meal,651.2,41.37,33.99,43.32,5.22,6.35,6.65,0.4698
cmrujkwuy00aowl9o323v6a2o,"Classic Salmon & Broccoli with Rice",meal,644.1,37.7,31,51.7,4.81,5.85,8.03,0.4332
cmrujkwv100auwl9ovcdufqnd,"Classic Salmon & Bell Peppers with Rice",meal,634.8,35.7,30.8,49.6,4.85,5.62,7.81,0.4367
cmrujkwv400b0wl9o92br7q6l,"Classic Salmon & Broccoli with Potato",meal,607.1,38.16,30.71,45.42,5.06,6.29,7.48,0.4552
cmrujkwv700b6wl9oxun2mj32,"Classic Salmon & Bell Peppers with Potato",meal,597.8,36.13,30.57,43.32,5.11,6.04,7.25,0.4603
cmrujkwva00bcwl9o5zlcp7uy,"Classic Eggs & Broccoli with Rice",meal,414.6,23.2,10.9,55.2,2.63,5.6,13.31,0.2366
cmrujkwve00biwl9o18s39qzv,"Classic Eggs & Bell Peppers with Rice",meal,405.3,21.2,10.7,53.1,2.64,5.23,13.1,0.2376
cmrujkwvg00bowl9om7w4rqwf,"Classic Eggs & Broccoli with Potato",meal,377.6,23.61,10.61,48.96,2.81,6.25,12.97,0.2528
cmrujkwvk00buwl9o5qzvdm2i,"Classic Eggs & Bell Peppers with Potato",meal,368.3,21.58,10.47,46.86,2.84,5.86,12.72,0.2559
cmrujkwvn00c0wl9ot8o1m5vd,"Thai Chicken & Broccoli with Noodles",meal,507.74,47.76,14.38,48.26,2.83,9.41,9.51,0.2549
cmrujkwvr00c6wl9ors1onpyk,"Thai Chicken & Bell Peppers with Noodles",meal,461.52,41.74,12.99,42.15,2.82,9.04,9.13,0.2534
cmrujkwvu00ccwl9oqdt69f1d,"Thai Chicken & Broccoli with Rice",meal,553.74,49.39,14.56,55.71,2.63,8.92,10.06,0.2366
cmrujkwvx00ciwl9onlcdvocx,"Thai Chicken & Bell Peppers with Rice",meal,507.52,43.37,13.17,49.6,2.6,8.55,9.77,0.2336
cmrujkww000cowl9oh5wzraaa,"Thai Tofu & Broccoli with Noodles",meal,577.34,42.38,26.49,53.54,4.59,7.34,9.27,0.413
cmrujkww400cuwl9o35623jsh,"Thai Tofu & Bell Peppers with Noodles",meal,531.12,36.35,25.11,47.43,4.73,6.84,8.93,0.4255
cmrujkww700d0wl9o2q23yey4,"Thai Tofu & Broccoli with Rice",meal,623.34,44.01,26.67,60.99,4.28,7.06,9.78,0.3851
cmrujkwwa00d6wl9oss3v9faw,"Thai Tofu & Bell Peppers with Rice",meal,577.12,37.99,25.29,54.88,4.38,6.58,9.51,0.3944
cmrul1dp00000wlk415rwnz4x,"High-Protein Seitan & Broccoli with Lentil Pasta",meal,633.1,70.3,10.8,68.7,1.71,11.1,10.85,0.1535
cmrul1dp80006wlk4erlglxbw,"High-Protein Seitan & Bell Peppers with Rice",meal,416.8,46.3,9,42.4,2.16,11.11,10.17,0.1943
cmrul1dpc000cwlk4zi4cf92b,"High-Protein Seitan & Onions with Potato",meal,415.5,47.11,8.65,44.5,2.08,11.34,10.71,0.1875
cmrul1dpg000iwlk4gucmabph,"High-Protein TVP & Broccoli with Chickpea Pasta",meal,600.6,51.4,10.9,78.4,1.81,8.56,13.05,0.1633
cmrul1dpj000owlk41m8hxi3g,"High-Protein TVP & Bell Peppers with Rice",meal,394.3,32.4,6.1,52.1,1.55,8.22,13.21,0.1392
cmrul1dpn000uwlk46n19bre7,"High-Protein Tempeh & Onions with Quinoa",meal,508.2,38,24.5,41.2,4.82,7.48,8.11,0.4339
cmrul1dpu0010wlk4nf5nqrsn,"High-Protein Tempeh & Broccoli with Lentil Pasta",meal,736.3,60.3,24.7,74.1,3.35,8.19,10.06,0.3019
cmrul1dpz0016wlk4duydrt1u,"High-Protein Edamame & Bell Peppers with Chickpea Pasta",meal,627.6,42.4,19.2,76,3.06,6.76,12.11,0.2753
cmrul1dq4001cwlk4f8jv3x97,"High-Protein Edamame & Onions with Quinoa",meal,418.8,27.1,16.2,45.2,3.87,6.47,10.79,0.3481
cmrul1dq8001iwlk4q6vbntmf,"High-Protein Tofu & Broccoli with Lentil Pasta",meal,717.1,62.43,24.81,67.46,3.46,8.71,9.41,0.3114
cmrul1dqc001owlk4hni5m8lh,"High-Protein Tofu & Bell Peppers with Chickpea Pasta",meal,697.8,55.4,27.68,65.36,3.97,7.94,9.37,0.357
cmrul1dqf001uwlk45jweusnk,"High-Protein Chicken & Onions with Lentil Pasta",meal,659,70.66,12.3,60.6,1.87,10.72,9.2,0.168
cmrul1dqj0020wlk47x76e21p,"High-Protein Chicken & Broccoli with Rice",meal,462.1,50.8,10.94,37.7,2.37,10.99,8.16,0.2131
cmrul1dqn0026wlk4tzlwp0bw,"High-Protein Chicken & Bell Peppers with Quinoa",meal,441.8,50.64,12.59,28.23,2.85,11.46,6.39,0.2565
cmrul1dqr002cwlk4uuqc52m9,"High-Protein Tuna & Onions with Chickpea Pasta",meal,583,58.91,11.29,60.6,1.94,10.1,10.4,0.1743
cmrul1dqu002iwlk4laxvfjo1,"High-Protein Tuna & Broccoli with Rice",meal,396.1,44.05,6.93,37.7,1.75,11.12,9.52,0.1576
cmrul1dr50030wlk4tny4uwlu,"High-Protein Shrimp & Broccoli with Quinoa",meal,379.4,48.5,8,30.7,2.11,12.78,8.09,0.1898
cmrul1dr80036wlk45ncd4xnq,"High-Protein Shrimp & Bell Peppers with Rice",meal,381.1,44.6,6,35.9,1.57,11.7,9.42,0.1417
cmrul1drc003cwlk4zubbgxpt,"High-Protein White Fish & Onions with Potato",meal,386.3,36.53,9.66,37.7,2.5,9.46,9.76,0.2251
cmrul1drg003iwlk44ztb1cc1,"High-Protein White Fish & Broccoli with Rice",meal,396.9,37.7,10.1,37.7,2.54,9.5,9.5,0.229
cmrul1drj003owlk4da3a1214,"High-Protein Egg White & Bell Peppers with Potato",meal,355.3,32.57,5.44,43.04,1.53,9.17,12.11,0.1377
cmrul1drn003uwlk4s3twppva,"High-Protein Egg White & Onions with Rice",meal,355,31.5,5.4,42.5,1.52,8.87,11.97,0.1369
cmrul1drq0040wlk43eicdjc5,"High-Protein Cottage Cheese & Broccoli with Quinoa",meal,375.1,29.7,12.1,38.9,3.23,7.92,10.37,0.2903
cmrul1drt0046wlk4gs9buhsu,"High-Protein Cottage Cheese & Bell Peppers with Lentil Pasta",meal,583.8,47.8,11.8,68.4,2.02,8.19,11.72,0.1819
cmrul4e2n0000wl68oom44dco,"High-Protein Seitan & Bell Peppers with Chickpea Pasta",meal,613.8,63.3,13.6,66.6,2.22,10.31,10.85,0.1994
cmrul4e2u0006wl68te3f1bnc,"High-Protein Seitan & Onions with Rice",meal,416,46.1,8.8,43.2,2.12,11.08,10.38,0.1904
cmrul4e2y000cwl682qrfg56j,"High-Protein Seitan & Broccoli with Quinoa",meal,415.1,50.2,10.9,37.1,2.63,12.09,8.94,0.2363
cmrul4e31000iwl68w4qqdate,"High-Protein Seitan & Bell Peppers with Potato",meal,416.3,47.25,8.84,43.7,2.12,11.35,10.5,0.191
cmrul4e36000owl68vosgueia,"High-Protein TVP & Onions with Lentil Pasta",meal,600.5,54.3,7.6,77.1,1.27,9.04,12.84,0.1139
cmrul4e3b000uwl68bghko61o,"High-Protein TVP & Onions with Quinoa",meal,382.5,34.1,7.7,45.5,2.01,8.92,11.9,0.1812
cmrul4e3g0010wl68z63se003,"High-Protein TVP & Broccoli with Potato",meal,403.1,35.37,6.12,55.5,1.52,8.77,13.77,0.1366
cmrul4e3k0016wl689dcx0f3n,"High-Protein Tempeh & Bell Peppers with Lentil Pasta",meal,727,58.3,24.5,72,3.37,8.02,9.9,0.3033
cmrul4e3o001cwl68205vx6s7,"High-Protein Tempeh & Onions with Chickpea Pasta",meal,716.2,53.1,27.3,72.8,3.81,7.41,10.16,0.3431
cmrul4e3s001iwl68yfvjptrs,"High-Protein Tempeh & Broccoli with Rice",meal,529.3,38.3,23,49.9,4.35,7.24,9.43,0.3911
cmrul4e3x001owl68vrnpml1f,"High-Protein Tempeh & Bell Peppers with Quinoa",meal,509,38.1,24.6,40.4,4.83,7.49,7.94,0.435
cmrul4e40001uwl68g1hx9pwt,"High-Protein Tempeh & Onions with Potato",meal,518.7,37.09,22.54,49.86,4.34,7.15,9.61,0.391
cmrul4e440020wl68cn3wmtsm,"High-Protein Edamame & Broccoli with Lentil Pasta",meal,646.9,49.4,16.4,78.1,2.54,7.64,12.07,0.2282
cmrul4e470026wl68kyx7r5z9,"High-Protein Edamame & Onions with Rice",meal,429.8,25.2,14.4,52.6,3.35,5.86,12.24,0.3015
cmrul4e4a002cwl68jm8j5rv3,"High-Protein Edamame & Broccoli with Quinoa",meal,428.9,29.3,16.5,46.5,3.85,6.83,10.84,0.3462
cmrul4e4e002iwl68c2njrgq9,"High-Protein Edamame & Bell Peppers with Potato",meal,430.1,26.35,14.44,53.1,3.36,6.13,12.35,0.3021
cmrul4e4i002owl68yvn6t5sv,"High-Protein Tofu & Onions with Lentil Pasta",meal,707,60.26,24.5,66.16,3.47,8.52,9.36,0.3119
cmrul4e4l002uwl68xgkdhmrh,"High-Protein Tofu & Broccoli with Chickpea Pasta",meal,707.1,57.43,27.81,67.46,3.93,8.12,9.54,0.354
cmrul4e4o0030wl688m8mtuxy,"High-Protein Tofu & Bell Peppers with Rice",meal,500.8,38.37,23.01,41.16,4.59,7.66,8.22,0.4135
cmrul4e4s0036wl680eke6rsx,"High-Protein Tofu & Onions with Quinoa",meal,489,40.1,24.61,34.59,5.03,8.2,7.07,0.453
cmrul4e4w003cwl68cvoxeq0l,"High-Protein Tofu & Broccoli with Potato",meal,509.6,41.37,23.01,44.56,4.52,8.12,8.74,0.4064
cmrul4e4z003iwl688ejlpvp4,"High-Protein Chicken & Bell Peppers with Lentil Pasta",meal,659.8,70.8,12.48,59.8,1.89,10.73,9.06,0.1702
cmrul4e53003owl68wp0f4dp6,"High-Protein Chicken & Onions with Chickpea Pasta",meal,649,65.66,15.3,60.6,2.36,10.12,9.34,0.2122
cmrul4e56003uwl68dqyh2cax,"High-Protein Chicken & Onions with Potato",meal,451.5,49.61,10.5,37.7,2.32,10.99,8.35,0.2092
cmrul4e590040wl681deik1jp,"High-Protein Tuna & Broccoli with Lentil Pasta",meal,603.1,66.08,8.6,61.9,1.43,10.96,10.26,0.1284
cmrul4e5d0046wl68dwo1zhh5,"High-Protein Tuna & Bell Peppers with Chickpea Pasta",meal,583.8,59.05,11.47,59.8,1.96,10.11,10.24,0.1768
cmrul4e5h004cwl687xtqna4u,"High-Protein Tuna & Onions with Rice",meal,386,41.88,6.62,36.4,1.72,10.85,9.43,0.1544
cmrul4e5l004iwl68pym8uxr2,"High-Protein Tuna & Broccoli with Quinoa",meal,385.1,45.92,8.72,30.33,2.26,11.92,7.88,0.2037
cmrul4e5o004owl68pu4zv6hg,"High-Protein Tuna & Bell Peppers with Potato",meal,386.3,43,6.67,36.9,1.73,11.13,9.55,0.1553
cmrul4e66005iwl68iavkbvd9,"High-Protein Shrimp & Bell Peppers with Lentil Pasta",meal,588.1,66.6,7.7,60.1,1.31,11.32,10.22,0.1178
cmrul4e6a005owl68elmilldq,"High-Protein Shrimp & Onions with Chickpea Pasta",meal,577.3,61.5,10.5,60.9,1.82,10.65,10.55,0.1637
cmrul4e6d005uwl68t1eyh9jk,"High-Protein Shrimp & Broccoli with Rice",meal,390.4,46.6,6.2,38,1.59,11.94,9.73,0.1429
cmrul4e6h0060wl683gwrkoil,"High-Protein Shrimp & Bell Peppers with Quinoa",meal,370.1,46.4,7.8,28.6,2.11,12.54,7.73,0.1897
cmrul4e6k0066wl6862s2m9jl,"High-Protein Shrimp & Onions with Potato",meal,379.8,45.4,5.73,38.04,1.51,11.95,10.02,0.1358
cmrul4e6o006cwl68qxsv8fw3,"High-Protein White Fish & Broccoli with Lentil Pasta",meal,603.9,59.7,11.8,61.9,1.95,9.89,10.25,0.1759
cmrul4e6r006iwl68jlxv377f,"High-Protein White Fish & Bell Peppers with Chickpea Pasta",meal,584.6,52.7,14.6,59.8,2.5,9.01,10.23,0.2248
cmrul4e6v006owl6849588n2z,"High-Protein White Fish & Onions with Rice",meal,386.8,35.6,9.8,36.4,2.53,9.2,9.41,0.228
cmrul4e6y006uwl68r96b54pe,"High-Protein White Fish & Broccoli with Quinoa",meal,385.9,39.6,11.9,30.3,3.08,10.26,7.85,0.2775
cmrul4e720070wl688wh3ur8e,"High-Protein White Fish & Bell Peppers with Potato",meal,387.1,36.67,9.84,36.9,2.54,9.47,9.53,0.2288
cmrul4e750076wl685ks32shv,"High-Protein Egg White & Onions with Lentil Pasta",meal,562,53.5,7.1,66.7,1.26,9.52,11.87,0.1137
cmrul4e79007cwl68p5mp4bht,"High-Protein Egg White & Broccoli with Chickpea Pasta",meal,562.1,50.6,10.4,68,1.85,9,12.1,0.1665
cmrul4e7d007iwl68jd6y2spq,"High-Protein Egg White & Bell Peppers with Rice",meal,355.8,31.6,5.6,41.7,1.57,8.88,11.72,0.1417
cmrul4e7h007owl68wk6sgpum,"High-Protein Egg White & Onions with Quinoa",meal,344,33.3,7.2,35.2,2.09,9.68,10.23,0.1884
cmrul4e7l007uwl68g96btgat,"High-Protein Egg White & Broccoli with Potato",meal,364.6,34.59,5.57,45.13,1.53,9.49,12.38,0.1375
cmrul4e7p0080wl68qri7g8q9,"High-Protein Cottage Cheese & Onions with Chickpea Pasta",meal,573,42.7,14.7,69.2,2.57,7.45,12.08,0.2309
cmrul4e7s0086wl68eznlavgl,"High-Protein Cottage Cheese & Broccoli with Rice",meal,386.1,27.8,10.3,46.3,2.67,7.2,11.99,0.2401
cmrul4e7v008cwl68lotxsksl,"High-Protein Cottage Cheese & Bell Peppers with Quinoa",meal,365.8,27.6,12,36.9,3.28,7.55,10.09,0.2952
cmrul4e7z008iwl68b309zc2k,"High-Protein Cottage Cheese & Onions with Potato",meal,375.5,26.61,9.86,46.32,2.62,7.09,12.34,0.2362
cmrul79rk0000wl80gccu6hul,"High-Protein Seitan & Bell Peppers with Lentil Pasta",meal,623.8,68.3,10.6,66.6,1.7,10.95,10.68,0.1529
cmrul79rr0006wl80t78qmq8h,"High-Protein Seitan & Onions with Chickpea Pasta",meal,613,63.2,13.5,67.4,2.2,10.31,11,0.1982
cmrul79rv000cwl80kl032ek0,"High-Protein Seitan & Cucumber with Rice",meal,401,46,8.87,39.54,2.21,11.47,9.86,0.1992
cmrul79rz000iwl80771jcpsc,"High-Protein Seitan & Cucumber with Quinoa",meal,390,47.87,10.66,32.17,2.73,12.27,8.25,0.2459
cmrul79s3000owl80butlyu2m,"High-Protein Seitan & Broccoli with Potato",meal,425.6,49.27,8.97,45.8,2.11,11.58,10.76,0.1897
cmrul79s8000uwl806ukbo5xx,"High-Protein TVP & Broccoli with Lentil Pasta",meal,610.6,56.4,7.9,78.4,1.29,9.24,12.84,0.1164
cmrul79sc0010wl805v7o2aw0,"High-Protein TVP & Bell Peppers with Lentil Pasta",meal,601.3,54.4,7.8,76.3,1.3,9.05,12.69,0.1167
cmrul79sg0016wl80337jb3da,"High-Protein TVP & Bell Peppers with Chickpea Pasta",meal,591.3,49.4,10.8,76.3,1.83,8.35,12.9,0.1644
cmrul79sj001cwl80hhwt236x,"High-Protein TVP & Onions with Chickpea Pasta",meal,590.5,49.3,10.6,77.1,1.8,8.35,13.06,0.1616
cmrul79so001iwl80gh84rze6,"High-Protein TVP & Onions with Rice",meal,393.5,32.2,5.9,52.9,1.5,8.18,13.44,0.1349
cmrul79sr001owl80dqc054hi,"High-Protein TVP & Cucumber with Rice",meal,378.5,32.1,6.02,49.24,1.59,8.48,13.01,0.1432
cmrul79sv001uwl80m4kyr7ig,"High-Protein TVP & Cucumber with Quinoa",meal,367.5,33.97,7.81,41.87,2.12,9.24,11.39,0.1912
cmrul79sy0020wl801ylpoo3w,"High-Protein TVP & Broccoli with Quinoa",meal,392.6,36.3,8,46.8,2.04,9.25,11.92,0.1834
cmrul79t20026wl80wuogryrp,"High-Protein TVP & Bell Peppers with Potato",meal,393.8,33.35,5.99,53.4,1.52,8.47,13.56,0.1368
cmrul79t5002cwl80eg4b4xcl,"High-Protein Tempeh & Bell Peppers with Chickpea Pasta",meal,717,53.3,27.5,72,3.84,7.43,10.04,0.3452
cmrul79t9002iwl805r57umr4,"High-Protein Tempeh & Onions with Rice",meal,519.2,36.1,22.7,48.6,4.37,6.95,9.36,0.3935
cmrul79td002owl80wgszagx3,"High-Protein Tempeh & Cucumber with Rice",meal,504.2,35.98,22.75,44.9,4.51,7.14,8.91,0.4062
cmrul79tg002uwl80f5k10o5u,"High-Protein Tempeh & Cucumber with Quinoa",meal,493.2,37.85,24.54,37.53,4.97,7.67,7.61,0.4477
cmrul79tk0030wl805yzk5gdu,"High-Protein Tempeh & Broccoli with Quinoa",meal,518.3,40.1,24.8,42.5,4.78,7.74,8.2,0.4306
cmrul79to0036wl80zqw9k52a,"High-Protein Tempeh & Broccoli with Potato",meal,528.8,39.25,22.85,51.16,4.32,7.42,9.67,0.3889
cmrul79tr003cwl80ve3i5nmh,"High-Protein Tempeh & Bell Peppers with Potato",meal,519.5,37.23,22.72,49.06,4.37,7.17,9.44,0.3935
cmrul79tv003iwl803qmc3v3s,"High-Protein Edamame & Bell Peppers with Lentil Pasta",meal,637.6,47.4,16.2,76,2.54,7.43,11.92,0.2287
cmrul79tz003owl804bn422us,"High-Protein Edamame & Onions with Chickpea Pasta",meal,626.8,42.3,19.1,76.8,3.05,6.75,12.25,0.2743
cmrul79u2003uwl80s508hxy8,"High-Protein Edamame & Cucumber with Rice",meal,414.8,25.1,14.47,48.94,3.49,6.05,11.8,0.314
cmrul79u60040wl80vvjxw36x,"High-Protein Edamame & Cucumber with Quinoa",meal,403.8,26.97,16.26,41.57,4.03,6.68,10.3,0.3623
cmrul79ua0046wl8072er41ze,"High-Protein Edamame & Broccoli with Potato",meal,439.4,28.37,14.57,55.2,3.32,6.46,12.56,0.2984
cmrul79ud004cwl808rgh68b3,"High-Protein Tofu & Bell Peppers with Lentil Pasta",meal,707.8,60.4,24.68,65.36,3.49,8.53,9.23,0.3138
cmrul79uh004iwl801wj4t5gw,"High-Protein Tofu & Onions with Chickpea Pasta",meal,697,55.26,27.5,66.16,3.95,7.93,9.49,0.3551
cmrul79uk004owl80v1qay4ta,"High-Protein Tofu & Onions with Rice",meal,500,38.23,22.83,41.96,4.57,7.65,8.39,0.4109
cmrul79uo004uwl8016sm2siz,"High-Protein Tofu & Cucumber with Rice",meal,485,38.1,22.91,38.3,4.72,7.86,7.9,0.4252
cmrul79us0050wl8097ky9fit,"High-Protein Tofu & Cucumber with Quinoa",meal,474,39.97,24.7,30.93,5.21,8.43,6.53,0.4689
cmrul79uv0056wl80evcfltva,"High-Protein Tofu & Broccoli with Quinoa",meal,499.1,42.27,24.93,35.89,4.99,8.47,7.19,0.4495
cmrul79uz005cwl80egh79sud,"High-Protein Tofu & Bell Peppers with Potato",meal,500.3,39.35,22.88,42.46,4.57,7.86,8.49,0.4115
cmrul79v2005iwl80mf7ft65q,"High-Protein Chicken & Broccoli with Lentil Pasta",meal,669.1,72.83,12.61,61.9,1.89,10.88,9.25,0.1697
cmrul79v6005owl80zg4oli3a,"High-Protein Chicken & Bell Peppers with Chickpea Pasta",meal,649.8,65.8,15.48,59.8,2.38,10.13,9.2,0.2144
cmrul79v9005uwl80wb9d4j0g,"High-Protein Chicken & Onions with Rice",meal,452,48.63,10.63,36.4,2.35,10.76,8.05,0.2117
cmrul79ve0060wl80p8y67ou0,"High-Protein Chicken & Cucumber with Rice",meal,437,48.5,10.71,32.74,2.45,11.1,7.49,0.2207
cmrul79vi0066wl80khpl6jwz,"High-Protein Chicken & Cucumber with Quinoa",meal,426,50.37,12.5,25.37,2.93,11.82,5.96,0.264
cmrul79vm006cwl80mmt31mbr,"High-Protein Chicken & Broccoli with Quinoa",meal,451.1,52.67,12.73,30.33,2.82,11.68,6.72,0.2539
cmrul79vp006iwl808lg7km1w,"High-Protein Chicken & Broccoli with Potato",meal,461.6,51.77,10.81,39,2.34,11.22,8.45,0.2107
cmrul79vt006owl80149rmasx,"High-Protein Chicken & Bell Peppers with Potato",meal,452.3,49.75,10.68,36.9,2.36,11,8.16,0.2124
cmrul79vx006uwl80860rmefj,"High-Protein Tuna & Bell Peppers with Lentil Pasta",meal,593.8,64.05,8.47,59.8,1.43,10.79,10.07,0.1284
cmrul79w00070wl80il4s17hu,"High-Protein Tuna & Cucumber with Rice",meal,371,41.75,6.7,32.74,1.81,11.25,8.83,0.1626
cmrul79w40076wl80hs6ys0uo,"High-Protein Tuna & Cucumber with Quinoa",meal,360,43.62,8.49,25.37,2.36,12.12,7.05,0.2122
cmrul79w8007cwl80rx3fv1w7,"High-Protein Tuna & Broccoli with Potato",meal,395.6,45.02,6.8,39,1.72,11.38,9.86,0.1547
cmrul79x90090wl80sbt4q4uk,"High-Protein Shrimp & Broccoli with Lentil Pasta",meal,597.4,68.6,7.9,62.2,1.32,11.48,10.41,0.119
cmrul79xc0096wl80acxy5p4n,"High-Protein Shrimp & Bell Peppers with Chickpea Pasta",meal,578.1,61.6,10.7,60.1,1.85,10.66,10.4,0.1666
cmrul79xg009cwl8063ag6m2z,"High-Protein Shrimp & Onions with Rice",meal,380.3,44.4,5.9,36.7,1.55,11.67,9.65,0.1396
cmrul79xk009iwl80v1ewbry0,"High-Protein Shrimp & Cucumber with Rice",meal,365.3,44.3,5.95,33.08,1.63,12.13,9.06,0.1466
cmrul79xn009owl808u5ysb5x,"High-Protein Shrimp & Cucumber with Quinoa",meal,354.3,46.17,7.73,25.71,2.18,13.03,7.26,0.1964
cmrul79xr009uwl80trvev40l,"High-Protein Shrimp & Broccoli with Potato",meal,389.9,47.57,6.05,39.34,1.55,12.2,10.09,0.1395
cmrul79xu00a0wl808sfjerjt,"High-Protein Shrimp & Bell Peppers with Potato",meal,380.6,45.54,5.91,37.24,1.55,11.97,9.78,0.1398
cmrul79xy00a6wl80m4o5dzel,"High-Protein White Fish & Bell Peppers with Lentil Pasta",meal,594.6,57.7,11.6,59.8,1.95,9.7,10.06,0.1756
cmrul79y200acwl802xfswgbo,"High-Protein White Fish & Onions with Chickpea Pasta",meal,583.8,52.6,14.5,60.6,2.48,9.01,10.38,0.2235
cmrul79y500aiwl8030gb5sti,"High-Protein White Fish & Cucumber with Rice",meal,371.8,35.42,9.88,32.74,2.66,9.53,8.81,0.2392
cmrul79y900aowl80xwbjxbia,"High-Protein White Fish & Cucumber with Quinoa",meal,360.8,37.29,11.66,25.37,3.23,10.34,7.03,0.291
cmrul79yd00auwl802b3wg576,"High-Protein White Fish & Broccoli with Potato",meal,396.4,38.69,9.98,39,2.52,9.76,9.84,0.2265
cmrul79yh00b0wl80dhb4azvh,"High-Protein Egg White & Broccoli with Lentil Pasta",meal,572.1,55.6,7.4,68,1.29,9.72,11.89,0.1164
cmrul79yl00b6wl80qnqg2nlo,"High-Protein Egg White & Bell Peppers with Lentil Pasta",meal,562.8,53.6,7.2,65.9,1.28,9.52,11.71,0.1151
cmrul79yp00bcwl80dotuvdc1,"High-Protein Egg White & Bell Peppers with Chickpea Pasta",meal,552.8,48.6,10.2,65.9,1.85,8.79,11.92,0.1661
cmrul79ys00biwl80ys9x2qbw,"High-Protein Egg White & Onions with Chickpea Pasta",meal,552,48.5,10.1,66.7,1.83,8.79,12.08,0.1647
cmrul79yw00bowl809ubij1m5,"High-Protein Egg White & Cucumber with Rice",meal,340,31.32,5.47,38.88,1.61,9.21,11.44,0.1449
cmrul79z000buwl80q9shge3z,"High-Protein Egg White & Cucumber with Quinoa",meal,329,33.19,7.26,31.51,2.21,10.09,9.58,0.1985
cmrul79z400c0wl8064gi62w8,"High-Protein Egg White & Broccoli with Quinoa",meal,354.1,35.5,7.5,36.5,2.12,10.03,10.31,0.1906
cmrul79z800c6wl80werkbhf1,"High-Protein Cottage Cheese & Broccoli with Lentil Pasta",meal,593.1,49.8,12,70.5,2.02,8.4,11.89,0.1821
cmrul79zc00ccwl803tcj53z3,"High-Protein Cottage Cheese & Bell Peppers with Chickpea Pasta",meal,573.8,42.8,14.8,68.4,2.58,7.46,11.92,0.2321
cmrul79zg00ciwl8019a4j4ql,"High-Protein Cottage Cheese & Onions with Rice",meal,376,25.6,10,45,2.66,6.81,11.97,0.2394
cmrul79zk00cowl80j0zs7xej,"High-Protein Cottage Cheese & Cucumber with Rice",meal,361,25.5,10.07,41.36,2.79,7.06,11.46,0.2512
cmrul79zo00cuwl80i55ngt34,"High-Protein Cottage Cheese & Cucumber with Quinoa",meal,350,27.37,11.86,33.99,3.39,7.82,9.71,0.3049
cmrul79zr00d0wl801hyd83pk,"High-Protein Cottage Cheese & Broccoli with Potato",meal,385.6,28.77,10.17,47.62,2.64,7.46,12.35,0.2373
cmrul79zv00d6wl80nei2na03,"High-Protein Cottage Cheese & Bell Peppers with Potato",meal,376.3,26.75,10.04,45.52,2.67,7.11,12.1,0.24
cms7pjmgy0000wlbksm2ld3bj,"Lemon Herb Chicken with Rice and Green Beans",meal,619.18,60.82,13.34,60.86,2.15,9.82,9.83,0.1939
cms7pjmhf0009wlbka81epe7z,"Steamed Cod with New Potatoes and Dill",meal,417.71,43.17,7.04,46.94,1.69,10.34,11.24,0.1517
cms7pjmhn000hwlbkl6ec3o0x,"Garlic Prawn and Asparagus Rice Bowl",meal,513.54,51.4,7.26,60.46,1.41,10.01,11.77,0.1272
cms7pjmhu000pwlbkj68lki4w,"Cottage Cheese and Tomato Rye Toast",meal,390.81,29.79,7.47,51.53,1.91,7.62,13.19,0.1721
cms7pjmi1000wwlbk8yoezv92,"Baked Salmon with Buttered Asparagus",meal,559.32,45.75,38.41,8.26,6.87,8.18,1.48,0.618
cms7pjmi80013wlbkwughu7bl,"Chicken Thighs with Creamed Spinach",meal,817.5,59.3,59.88,10.73,7.33,7.25,1.31,0.6593
cms7pjmig001bwlbksrghymuq,"Steak with Garlic Mushrooms",meal,517.75,57.4,29.17,6.51,5.63,11.09,1.26,0.5071
cms7pjmin001iwlbkoa0s5p3p,"Egg and Avocado Breakfast Plate",meal,485.41,23.92,39.55,13.67,8.15,4.93,2.82,0.7333
cms7pjmiv001pwlbkyddkp88y,"Tuna Niçoise Salad Bowl",meal,524.2,54.06,29.91,10.18,5.71,10.31,1.94,0.5136
cms7pjmj2001xwlbki4ngsk28,"Crispy Tofu and Lentil Bowl",meal,724.35,53.17,40.24,48.87,5.56,7.34,6.75,0.5
cms7pjmj90025wlbke02jmm0u,"Seitan Stir-Fry with Broccoli and Rice",meal,593.75,53.86,14.67,68.5,2.47,9.07,11.54,0.2223
cms7pjmjg002dwlbkzije27kh,"Red Lentil and Spinach Dhal",meal,581.67,33.09,14.14,87.36,2.43,5.69,15.02,0.2189
cms7pjmjn002nwlbky6jaa8pr,"Roasted Chickpeas with Paprika",snack,321.84,10.16,17.95,31.68,5.58,3.16,9.84,0.502
cms7pjmju002swlbktsksba9r,"Edamame with Sea Salt",snack,181.5,18,7.5,13.5,4.13,9.92,7.44,0.3719
cms7pjmk1002wwlbknnq20wmp,"Apple with Almond Butter",snack,556.8,7.61,16.29,105.18,2.93,1.37,18.89,0.2633
cms7pjmk80030wlbkykqmlu59,"Hummus with Carrot and Cucumber",snack,259.2,8.37,16.38,24.07,6.32,3.23,9.28,0.5688
cms7pjmkf0035wlbkw9gwdm3s,"Peanut Butter Banana Toast",snack,398.74,14.64,16.79,52.38,4.21,3.67,13.14,0.3789
cms7pjmkm003awlbk8b9zzoqo,"Cottage Cheese with Pineapple",snack,201.6,20.26,4.35,21.86,2.16,10.05,10.84,0.1942
cms7pjmks003ewlbkbzjiva2m,"Hard-Boiled Eggs with Chilli Salt",snack,188.82,15.74,13.34,1.82,7.07,8.33,0.96,0.636
cms7pjmkz003jwlbkw5b3qoqg,"Cheese and Olive Plate",snack,317.8,15.03,26.98,5.67,8.49,4.73,1.78,0.764
cms7pjml6003owlbka29p8yee,"Greek Yogurt with Walnuts and Honey",snack,267.58,20.59,13.7,18.75,5.12,7.69,7.01,0.4609